2.862240314483642578e+00,3.554366111755371094e+00,1.512005925178527832e+00,4.199915885925292969e+00,8.984771966934204102e-01,3.034428358078002930e+00,1.612317562103271484e-01,1.537993192672729492e+00,9.945187568664550781e-01,1.592329263687133789e+00
2.892635822296142578e+00,3.504742860794067383e+00,1.606686949729919434e+00,3.913684606552124023e+00,1.071620345115661621e+00,3.014522314071655273e+00,2.154545933008193970e-01,1.650788903236389160e+00,1.282266497611999512e+00,1.685860514640808105e+00
2.915654659271240234e+00,3.451023101806640625e+00,1.700725674629211426e+00,3.567628383636474609e+00,1.246855974197387695e+00,2.996545076370239258e+00,2.780616283416748047e-01,1.766471266746520996e+00,1.563606977462768555e+00,1.774451732635498047e+00
2.932229280471801758e+00,3.394577741622924805e+00,1.793608903884887695e+00,3.214527606964111328e+00,1.419586420059204102e+00,2.981565952301025391e+00,3.509902954101562500e-01,1.882303833961486816e+00,1.819768071174621582e+00,1.858355164527893066e+00
2.944009065628051758e+00,3.337010622024536133e+00,1.884850502014160156e+00,2.914810180664062500e+00,1.584253430366516113e+00,2.970272779464721680e+00,4.350936412811279297e-01,1.995167374610900879e+00,2.038267135620117188e+00,1.937864065170288086e+00
2.953184127807617188e+00,3.280033588409423828e+00,1.973997712135314941e+00,2.698878049850463867e+00,1.736532688140869141e+00,2.962897539138793945e+00,5.302537679672241211e-01,2.102936029434204102e+00,2.216076374053955078e+00,2.013266563415527344e+00
2.961723804473876953e+00,3.225279808044433594e+00,2.060673236846923828e+00,2.563604831695556641e+00,1.874388217926025391e+00,2.959327459335327148e+00,6.361191868782043457e-01,2.204772710800170898e+00,2.357196807861328125e+00,2.084840059280395508e+00
2.970954656600952148e+00,3.174170494079589844e+00,2.144600152969360352e+00,2.490961313247680664e+00,1.997608900070190430e+00,2.959269285202026367e+00,7.524476647377014160e-01,2.300581932067871094e+00,2.468481779098510742e+00,2.152853965759277344e+00
2.981603860855102539e+00,3.127841234207153320e+00,2.225596904754638672e+00,2.461917877197265625e+00,2.107007026672363281e+00,2.962359666824340820e+00,8.789938092231750488e-01,2.390553236007690430e+00,2.556896448135375977e+00,2.217571735382080078e+00
2.994000911712646484e+00,3.087126493453979492e+00,2.303565979003906250e+00,2.461385250091552734e+00,2.203872919082641602e+00,2.968234062194824219e+00,1.015272378921508789e+00,2.474961757659912109e+00,2.628399610519409180e+00,2.279242277145385742e+00
3.008243560791015625e+00,3.052581548690795898e+00,2.378469944000244141e+00,2.478703022003173828e+00,2.289676904678344727e+00,2.976552248001098633e+00,1.160359501838684082e+00,2.554119825363159180e+00,2.687695026397705078e+00,2.338102817535400391e+00
3.024318218231201172e+00,3.024522542953491211e+00,2.450315713882446289e+00,2.506783008575439453e+00,2.365906715393066406e+00,2.987005710601806641e+00,1.312775373458862305e+00,2.628361940383911133e+00,2.738340377807617188e+00,2.394381284713745117e+00
3.042157888412475586e+00,3.003066778182983398e+00,2.519141197204589844e+00,2.541109085083007812e+00,2.433985233306884766e+00,2.999319553375244141e+00,1.470468640327453613e+00,2.698038101196289062e+00,2.782948970794677734e+00,2.448293924331665039e+00
3.061678171157836914e+00,2.988160133361816406e+00,2.585009574890136719e+00,2.578899621963500977e+00,2.495220184326171875e+00,3.013249158859252930e+00,1.630911946296691895e+00,2.763507366180419922e+00,2.823408603668212891e+00,2.500050544738769531e+00
3.082774162292480469e+00,2.979620218276977539e+00,2.648016214370727539e+00,2.618490219116210938e+00,2.550794363021850586e+00,3.028586149215698242e+00,1.791303634643554688e+00,2.825139522552490234e+00,2.861050844192504883e+00,2.549843072891235352e+00
3.105340957641601562e+00,2.977119445800781250e+00,2.708267688751220703e+00,2.658916473388671875e+00,2.601734638214111328e+00,3.045146465301513672e+00,1.948827028274536133e+00,2.883289575576782227e+00,2.896819591522216797e+00,2.597870111465454102e+00
3.129242420196533203e+00,2.980243444442749023e+00,2.765902519226074219e+00,2.699613094329833984e+00,2.648938417434692383e+00,3.062776803970336914e+00,2.100931167602539062e+00,2.938296794891357422e+00,2.931362628936767578e+00,2.644312620162963867e+00
3.154337644577026367e+00,2.988481998443603516e+00,2.821075201034545898e+00,2.740267276763916016e+00,2.693165063858032227e+00,3.081359386444091797e+00,2.245533227920532227e+00,2.990500450134277344e+00,2.965129137039184570e+00,2.689335107803344727e+00
3.180469751358032227e+00,3.001291990280151367e+00,2.873953342437744141e+00,2.780689239501953125e+00,2.735053777694702148e+00,3.100792407989501953e+00,2.381163358688354492e+00,3.040193557739257812e+00,2.998407840728759766e+00,2.733108043670654297e+00
3.207468748092651367e+00,3.018095016479492188e+00,2.924723148345947266e+00,2.820775747299194336e+00,2.775133848190307617e+00,3.120990753173828125e+00,2.506969213485717773e+00,3.087649345397949219e+00,3.031418323516845703e+00,2.775790929794311523e+00
3.235185623168945312e+00,3.038320064544677734e+00,2.973562240600585938e+00,2.860461473464965820e+00,2.813832521438598633e+00,3.141901016235351562e+00,2.622654914855957031e+00,3.133127927780151367e+00,3.064265727996826172e+00,2.817517995834350586e+00
3.263456583023071289e+00,3.061411857604980469e+00,3.020646572113037109e+00,2.899749994277954102e+00,2.851509094238281250e+00,3.163470268249511719e+00,2.728386640548706055e+00,3.176858186721801758e+00,3.097030401229858398e+00,2.858416080474853516e+00
3.292151451110839844e+00,3.086876869201660156e+00,3.066159725189208984e+00,2.938593626022338867e+00,2.888427972793579102e+00,3.185655117034912109e+00,2.824650049209594727e+00,3.219037294387817383e+00,3.129756450653076172e+00,2.898607254028320312e+00
3.321151018142700195e+00,3.114254474639892578e+00,3.110267639160156250e+00,2.977044105529785156e+00,2.924807786941528320e+00,3.208416700363159180e+00,2.912163257598876953e+00,3.259844779968261719e+00,3.162452697753906250e+00,2.938185930252075195e+00
3.350347757339477539e+00,3.143150806427001953e+00,3.153122663497924805e+00,3.015063762664794922e+00,2.960819959640502930e+00,3.231719970703125000e+00,2.991736173629760742e+00,3.299440622329711914e+00,3.195127487182617188e+00,2.977243661880493164e+00
3.379655838012695312e+00,3.173217058181762695e+00,3.194861412048339844e+00,3.052725076675415039e+00,2.996575593948364258e+00,3.255538225173950195e+00,3.064234733581542969e+00,3.337963104248046875e+00,3.227770805358886719e+00,3.015849351882934570e+00
3.409010410308837891e+00,3.204167604446411133e+00,3.235615015029907227e+00,3.089995384216308594e+00,3.032180547714233398e+00,3.279830694198608398e+00,3.130511999130249023e+00,3.375533103942871094e+00,3.260368108749389648e+00,3.054066181182861328e+00
3.438364505767822266e+00,3.235761165618896484e+00,3.275488853454589844e+00,3.126932144165039062e+00,3.067700147628784180e+00,3.304570198059082031e+00,3.191379785537719727e+00,3.412257432937622070e+00,3.292906999588012695e+00,3.091940164566040039e+00
3.467676877975463867e+00,3.267797946929931641e+00,3.314584255218505859e+00,3.163525104522705078e+00,3.103177309036254883e+00,3.329721450805664062e+00,3.247575521469116211e+00,3.448227405548095703e+00,3.325371742248535156e+00,3.129511833190917969e+00
3.496920108795166016e+00,3.300123214721679688e+00,3.352973699569702148e+00,3.199817180633544922e+00,3.138634681701660156e+00,3.355258464813232422e+00,3.299780607223510742e+00,3.483518362045288086e+00,3.357747077941894531e+00,3.166813850402832031e+00
3.526083230972290039e+00,3.332610368728637695e+00,3.390732765197753906e+00,3.235803365707397461e+00,3.174097776412963867e+00,3.381147861480712891e+00,3.348582267761230469e+00,3.518205642700195312e+00,3.390022277832031250e+00,3.203869581222534180e+00
3.555148363113403320e+00,3.365162849426269531e+00,3.427917957305908203e+00,3.271520376205444336e+00,3.209571599960327148e+00,3.407363653182983398e+00,3.394495964050292969e+00,3.552340745925903320e+00,3.422198057174682617e+00,3.240691900253295898e+00
3.584117174148559570e+00,3.397709131240844727e+00,3.464567899703979492e+00,3.306965112686157227e+00,3.245054721832275391e+00,3.433878421783447266e+00,3.437981367111206055e+00,3.585979938507080078e+00,3.454257488250732422e+00,3.277302026748657227e+00
3.612987756729125977e+00,3.430197238922119141e+00,3.500737667083740234e+00,3.342168569564819336e+00,3.280548810958862305e+00,3.460666656494140625e+00,3.479416131973266602e+00,3.619168996810913086e+00,3.486203193664550781e+00,3.313711643218994141e+00
3.641757249832153320e+00,3.462586641311645508e+00,3.536437273025512695e+00,3.377129316329956055e+00,3.316041707992553711e+00,3.487709045410156250e+00,3.519131898880004883e+00,3.651944398880004883e+00,3.518031120300292969e+00,3.349927186965942383e+00
3.670436620712280273e+00,3.494859457015991211e+00,3.571698665618896484e+00,3.411876440048217773e+00,3.351523876190185547e+00,3.514980077743530273e+00,3.557419300079345703e+00,3.684335947036743164e+00,3.549745321273803711e+00,3.385954618453979492e+00
3.699020147323608398e+00,3.526994705200195312e+00,3.606535196304321289e+00,3.446407556533813477e+00,3.386987447738647461e+00,3.542465448379516602e+00,3.594501733779907227e+00,3.716379165649414062e+00,3.581344127655029297e+00,3.421803474426269531e+00
3.727523088455200195e+00,3.558987617492675781e+00,3.640965461730957031e+00,3.480748176574707031e+00,3.422418355941772461e+00,3.570148229598999023e+00,3.630575180053710938e+00,3.748094081878662109e+00,3.612835407257080078e+00,3.457474946975708008e+00
3.755943536758422852e+00,3.590835332870483398e+00,3.674993991851806641e+00,3.514898777008056641e+00,3.457807064056396484e+00,3.598011493682861328e+00,3.665814399719238281e+00,3.779507875442504883e+00,3.644218444824218750e+00,3.492974042892456055e+00
3.784290552139282227e+00,3.622543573379516602e+00,3.708640813827514648e+00,3.548877000808715820e+00,3.493141651153564453e+00,3.626044988632202148e+00,3.700346231460571289e+00,3.810637950897216797e+00,3.675501823425292969e+00,3.528311967849731445e+00
3.812566757202148438e+00,3.654113531112670898e+00,3.741908550262451172e+00,3.582687854766845703e+00,3.528411388397216797e+00,3.654233217239379883e+00,3.734294891357421875e+00,3.841503143310546875e+00,3.706686496734619141e+00,3.563485145568847656e+00
3.840788364410400391e+00,3.685556173324584961e+00,3.774802684783935547e+00,3.616346359252929688e+00,3.563608407974243164e+00,3.682572603225708008e+00,3.767750740051269531e+00,3.872123479843139648e+00,3.737782955169677734e+00,3.598497867584228516e+00
3.868952989578247070e+00,3.716875553131103516e+00,3.807342767715454102e+00,3.649862051010131836e+00,3.598717927932739258e+00,3.711046695709228516e+00,3.800792694091796875e+00,3.902510166168212891e+00,3.768791437149047852e+00,3.633354187011718750e+00
3.897067308425903320e+00,3.748085260391235352e+00,3.839535713195800781e+00,3.683229446411132812e+00,3.633743047714233398e+00,3.739652872085571289e+00,3.833482027053833008e+00,3.932676792144775391e+00,3.799720525741577148e+00,3.668061494827270508e+00
3.925141096115112305e+00,3.779190540313720703e+00,3.871398448944091797e+00,3.716478824615478516e+00,3.668668508529663086e+00,3.768377780914306641e+00,3.865874767303466797e+00,3.962637662887573242e+00,3.830573558807373047e+00,3.702620506286621094e+00
3.953179836273193359e+00,3.810200452804565430e+00,3.902951478958129883e+00,3.749587297439575195e+00,3.703482627868652344e+00,3.797224283218383789e+00,3.898009300231933594e+00,3.992408990859985352e+00,3.861355781555175781e+00,3.737030744552612305e+00
3.981191635131835938e+00,3.841124296188354492e+00,3.934208393096923828e+00,3.782598257064819336e+00,3.738188505172729492e+00,3.826178073883056641e+00,3.929922580718994141e+00,4.021996498107910156e+00,3.892073392868041992e+00,3.771299362182617188e+00
4.009182453155517578e+00,3.871972560882568359e+00,3.965186357498168945e+00,3.815466642379760742e+00,3.772782802581787109e+00,3.855237245559692383e+00,3.961641788482666016e+00,4.051411628723144531e+00,3.922726392745971680e+00,3.805426359176635742e+00
4.037144184112548828e+00,3.902740716934204102e+00,3.995935440063476562e+00,3.848264932632446289e+00,3.807246685028076172e+00,3.884392261505126953e+00,3.993189573287963867e+00,4.080676555633544922e+00,3.953325510025024414e+00,3.839425802230834961e+00
4.065092563629150391e+00,3.933447599411010742e+00,4.026452541351318359e+00,3.880927085876464844e+00,3.841588973999023438e+00,3.913640737533569336e+00,4.024583816528320312e+00,4.109790325164794922e+00,3.983865261077880859e+00,3.873285770416259766e+00
4.093051433563232422e+00,3.964094161987304688e+00,4.056768417358398438e+00,3.913512945175170898e+00,3.875811338424682617e+00,3.942983865737915039e+00,4.055833339691162109e+00,4.138762474060058594e+00,4.014363765716552734e+00,3.907022237777709961e+00
4.120995044708251953e+00,3.994682550430297852e+00,4.086916923522949219e+00,3.945980310440063477e+00,3.909904479980468750e+00,3.972409486770629883e+00,4.086952209472656250e+00,4.167607307434082031e+00,4.044809341430664062e+00,3.940631866455078125e+00
4.148948192596435547e+00,4.025227069854736328e+00,4.116907119750976562e+00,3.978373289108276367e+00,3.943858623504638672e+00,4.001913547515869141e+00,4.117954730987548828e+00,4.196335792541503906e+00,4.075214862823486328e+00,3.974113225936889648e+00
4.176904201507568359e+00,4.055720806121826172e+00,4.146776199340820312e+00,4.010673046112060547e+00,3.977684736251831055e+00,4.031494140625000000e+00,4.148840904235839844e+00,4.224952697753906250e+00,4.105578899383544922e+00,4.007475376129150391e+00
4.204866409301757812e+00,4.086171627044677734e+00,4.176546096801757812e+00,4.042869567871093750e+00,4.011375904083251953e+00,4.061147212982177734e+00,4.179615020751953125e+00,4.253473281860351562e+00,4.135898590087890625e+00,4.040726661682128906e+00
4.232843399047851562e+00,4.116582870483398438e+00,4.206233024597167969e+00,4.075006961822509766e+00,4.044932842254638672e+00,4.090868949890136719e+00,4.210283756256103516e+00,4.281899929046630859e+00,4.166186332702636719e+00,4.073862552642822266e+00
4.260835647583007812e+00,4.146963119506835938e+00,4.235853195190429688e+00,4.107023239135742188e+00,4.078354835510253906e+00,4.120659828186035156e+00,4.240846157073974609e+00,4.310238838195800781e+00,4.196438312530517578e+00,4.106885433197021484e+00
4.288841247558593750e+00,4.177285671234130859e+00,4.265427589416503906e+00,4.139007091522216797e+00,4.111642837524414062e+00,4.150496959686279297e+00,4.271322250366210938e+00,4.338515758514404297e+00,4.226653099060058594e+00,4.139808654785156250e+00
4.316861152648925781e+00,4.207581996917724609e+00,4.294969081878662109e+00,4.170877933502197266e+00,4.144791603088378906e+00,4.180401802062988281e+00,4.301692962646484375e+00,4.366720199584960938e+00,4.256839275360107422e+00,4.172631740570068359e+00
4.344910621643066406e+00,4.237852096557617188e+00,4.324483394622802734e+00,4.202688217163085938e+00,4.177812576293945312e+00,4.210349559783935547e+00,4.331972599029541016e+00,4.394861221313476562e+00,4.286996841430664062e+00,4.205339431762695312e+00
4.372972011566162109e+00,4.268085479736328125e+00,4.353986740112304688e+00,4.234412670135498047e+00,4.210697650909423828e+00,4.240350246429443359e+00,4.362156867980957031e+00,4.422953605651855469e+00,4.317128658294677734e+00,4.237961292266845703e+00
4.401060104370117188e+00,4.298288345336914062e+00,4.383480548858642578e+00,4.266067028045654297e+00,4.243447303771972656e+00,4.270398616790771484e+00,4.392253398895263672e+00,4.450997829437255859e+00,4.347226142883300781e+00,4.270484924316406250e+00
4.429166793823242188e+00,4.328461170196533203e+00,4.412975311279296875e+00,4.297670364379882812e+00,4.276065349578857422e+00,4.300488471984863281e+00,4.422260761260986328e+00,4.479004383087158203e+00,4.377303123474121094e+00,4.302920818328857422e+00
4.457289218902587891e+00,4.358605384826660156e+00,4.442470073699951172e+00,4.329175472259521484e+00,4.308551788330078125e+00,4.330621719360351562e+00,4.452181339263916016e+00,4.506974220275878906e+00,4.407351493835449219e+00,4.335268020629882812e+00
4.485441684722900391e+00,4.388715744018554688e+00,4.471975803375244141e+00,4.360630512237548828e+00,4.340912342071533203e+00,4.360783576965332031e+00,4.482019901275634766e+00,4.534923076629638672e+00,4.437385559082031250e+00,4.367537498474121094e+00
4.513611316680908203e+00,4.418799877166748047e+00,4.501487255096435547e+00,4.391999244689941406e+00,4.373138904571533203e+00,4.390981674194335938e+00,4.511778354644775391e+00,4.562847137451171875e+00,4.467394828796386719e+00,4.399727344512939453e+00
4.541796207427978516e+00,4.448857307434082031e+00,4.531001091003417969e+00,4.423321723937988281e+00,4.405253410339355469e+00,4.421213150024414062e+00,4.541456222534179688e+00,4.590753078460693359e+00,4.497380733489990234e+00,4.431828975677490234e+00
4.570002555847167969e+00,4.478885173797607422e+00,4.560525894165039062e+00,4.454585552215576172e+00,4.437239646911621094e+00,4.451472759246826172e+00,4.571061611175537109e+00,4.618645191192626953e+00,4.527352333068847656e+00,4.463860034942626953e+00
4.598226547241210938e+00,4.508884429931640625e+00,4.590058326721191406e+00,4.485758781433105469e+00,4.469106197357177734e+00,4.481760978698730469e+00,4.600598335266113281e+00,4.646525859832763672e+00,4.557309627532958984e+00,4.495814323425292969e+00
4.626467704772949219e+00,4.538868904113769531e+00,4.619588375091552734e+00,4.516918659210205078e+00,4.500861167907714844e+00,4.512063980102539062e+00,4.630050659179687500e+00,4.674415111541748047e+00,4.587238788604736328e+00,4.527711391448974609e+00
4.654721260070800781e+00,4.568828105926513672e+00,4.649127006530761719e+00,4.547982692718505859e+00,4.532498359680175781e+00,4.542394161224365234e+00,4.659445285797119141e+00,4.702301502227783203e+00,4.617166519165039062e+00,4.559538841247558594e+00
4.683000564575195312e+00,4.598750591278076172e+00,4.678658962249755859e+00,4.579017162322998047e+00,4.564042568206787109e+00,4.572739601135253906e+00,4.688777446746826172e+00,4.730178356170654297e+00,4.647063732147216797e+00,4.591290473937988281e+00
4.711289405822753906e+00,4.628655433654785156e+00,4.708195209503173828e+00,4.609992027282714844e+00,4.595478057861328125e+00,4.603106975555419922e+00,4.718051910400390625e+00,4.758069515228271484e+00,4.676959037780761719e+00,4.622984409332275391e+00
4.739592552185058594e+00,4.658541679382324219e+00,4.737723350524902344e+00,4.640895366668701172e+00,4.626817703247070312e+00,4.633483886718750000e+00,4.747264862060546875e+00,4.785964965820312500e+00,4.706838607788085938e+00,4.654620170593261719e+00
4.767909526824951172e+00,4.688406467437744141e+00,4.767247200012207031e+00,4.671790599822998047e+00,4.658065319061279297e+00,4.663876533508300781e+00,4.776426315307617188e+00,4.813873291015625000e+00,4.736710548400878906e+00,4.686196327209472656e+00
4.796234607696533203e+00,4.718251705169677734e+00,4.796760082244873047e+00,4.702598571777343750e+00,4.689223766326904297e+00,4.694281578063964844e+00,4.805538177490234375e+00,4.841797351837158203e+00,4.766571998596191406e+00,4.717717647552490234e+00
4.824581623077392578e+00,4.748078823089599609e+00,4.826267242431640625e+00,4.733391761779785156e+00,4.720313072204589844e+00,4.724697589874267578e+00,4.834607124328613281e+00,4.869731426239013672e+00,4.796422481536865234e+00,4.749182224273681641e+00
4.852934837341308594e+00,4.777889251708984375e+00,4.855756282806396484e+00,4.764140605926513672e+00,4.751323223114013672e+00,4.755125522613525391e+00,4.863630294799804688e+00,4.897685050964355469e+00,4.826269149780273438e+00,4.780598163604736328e+00
4.881302356719970703e+00,4.807687282562255859e+00,4.885236263275146484e+00,4.794825077056884766e+00,4.782267570495605469e+00,4.785552978515625000e+00,4.892617225646972656e+00,4.925658226013183594e+00,4.856105327606201172e+00,4.811957836151123047e+00
4.909681320190429688e+00,4.837471961975097656e+00,4.914697170257568359e+00,4.825515747070312500e+00,4.813151359558105469e+00,4.815991878509521484e+00,4.921566963195800781e+00,4.953651428222656250e+00,4.885936737060546875e+00,4.843271255493164062e+00
4.938065052032470703e+00,4.867248058319091797e+00,4.944135665893554688e+00,4.856137275695800781e+00,4.843981266021728516e+00,4.846434593200683594e+00,4.950484275817871094e+00,4.981666088104248047e+00,4.915760993957519531e+00,4.874540328979492188e+00
4.966471672058105469e+00,4.897010803222656250e+00,4.973569869995117188e+00,4.886744499206542969e+00,4.874760150909423828e+00,4.876881599426269531e+00,4.979372978210449219e+00,5.009702682495117188e+00,4.945582866668701172e+00,4.905754566192626953e+00
4.994882106781005859e+00,4.926765918731689453e+00,5.002974987030029297e+00,4.917327404022216797e+00,4.905498981475830078e+00,4.907331943511962891e+00,5.008234024047851562e+00,5.037761688232421875e+00,4.975399971008300781e+00,4.936927795410156250e+00
5.023295879364013672e+00,4.956507682800292969e+00,5.032354831695556641e+00,4.947857856750488281e+00,4.936198234558105469e+00,4.937783241271972656e+00,5.037068843841552734e+00,5.065845012664794922e+00,5.005210399627685547e+00,4.968050479888916016e+00
5.051748752593994141e+00,4.986274242401123047e+00,5.061729907989501953e+00,4.978406906127929688e+00,4.966872215270996094e+00,4.968239784240722656e+00,5.065900802612304688e+00,5.093961715698242188e+00,5.035025119781494141e+00,4.999150276184082031e+00
5.080200672149658203e+00,5.016027450561523438e+00,5.091076850891113281e+00,5.008904933929443359e+00,4.997518539428710938e+00,4.998695850372314453e+00,5.094707965850830078e+00,5.122105121612548828e+00,5.064834117889404297e+00,5.030199050903320312e+00
5.108661174774169922e+00,5.045775890350341797e+00,5.120401382446289062e+00,5.039388656616210938e+00,5.028146743774414062e+00,5.029149532318115234e+00,5.123501777648925781e+00,5.150261878967285156e+00,5.094640254974365234e+00,5.061206817626953125e+00
5.137138366699218750e+00,5.075531959533691406e+00,5.149706363677978516e+00,5.069880962371826172e+00,5.058760166168212891e+00,5.059604644775390625e+00,5.152288913726806641e+00,5.178452968597412109e+00,5.124447345733642578e+00,5.092176437377929688e+00
5.165624141693115234e+00,5.105291366577148438e+00,5.178992271423339844e+00,5.100330829620361328e+00,5.089365959167480469e+00,5.090057373046875000e+00,5.181075096130371094e+00,5.206672191619873047e+00,5.154253005981445312e+00,5.123104095458984375e+00
5.194140434265136719e+00,5.135062694549560547e+00,5.208254814147949219e+00,5.130775928497314453e+00,5.119958877563476562e+00,5.120511531829833984e+00,5.209839344024658203e+00,5.234919548034667969e+00,5.184056282043457031e+00,5.154008388519287109e+00
5.222666263580322266e+00,5.164841175079345703e+00,5.237499237060546875e+00,5.161227226257324219e+00,5.150552749633789062e+00,5.150962829589843750e+00,5.238611698150634766e+00,5.263196468353271484e+00,5.213858604431152344e+00,5.184871196746826172e+00
5.251207828521728516e+00,5.194629669189453125e+00,5.266723632812500000e+00,5.191633224487304688e+00,5.181145668029785156e+00,5.181415557861328125e+00,5.267382144927978516e+00,5.291506290435791016e+00,5.243652343750000000e+00,5.215701580047607422e+00
5.279767990112304688e+00,5.224438667297363281e+00,5.295938014984130859e+00,5.222075462341308594e+00,5.211750507354736328e+00,5.211858272552490234e+00,5.296168327331542969e+00,5.319833755493164062e+00,5.273473262786865234e+00,5.246494770050048828e+00
5.308346271514892578e+00,5.254260540008544922e+00,5.325132846832275391e+00,5.252506732940673828e+00,5.242358207702636719e+00,5.242298603057861328e+00,5.324954986572265625e+00,5.348196029663085938e+00,5.303281307220458984e+00,5.277257919311523438e+00
5.336943149566650391e+00,5.284098148345947266e+00,5.354314327239990234e+00,5.282895565032958984e+00,5.272977828979492188e+00,5.272730827331542969e+00,5.353749275207519531e+00,5.376587867736816406e+00,5.333091259002685547e+00,5.307988166809082031e+00
5.365570068359375000e+00,5.313956260681152344e+00,5.383477210998535156e+00,5.313323020935058594e+00,5.303605556488037109e+00,5.303181648254394531e+00,5.382558345794677734e+00,5.405012130737304688e+00,5.362899303436279297e+00,5.338692188262939453e+00
5.394215583801269531e+00,5.343835830688476562e+00,5.412633419036865234e+00,5.343738079071044922e+00,5.334247589111328125e+00,5.333618164062500000e+00,5.411380290985107422e+00,5.433463096618652344e+00,5.392715930938720703e+00,5.369366645812988281e+00
5.422880172729492188e+00,5.373732566833496094e+00,5.441776275634765625e+00,5.374131202697753906e+00,5.364907264709472656e+00,5.364049911499023438e+00,5.440215587615966797e+00,5.461946010589599609e+00,5.422524929046630859e+00,5.400011062622070312e+00
5.451572895050048828e+00,5.403654098510742188e+00,5.470912456512451172e+00,5.404554843902587891e+00,5.395581245422363281e+00,5.394477844238281250e+00,5.469069957733154297e+00,5.490457534790039062e+00,5.452341079711914062e+00,5.430629730224609375e+00
5.480291366577148438e+00,5.433597087860107422e+00,5.500048637390136719e+00,5.434951305389404297e+00,5.426273822784423828e+00,5.424901962280273438e+00,5.497944831848144531e+00,5.519002914428710938e+00,5.482155799865722656e+00,5.461221694946289062e+00
5.509030818939208984e+00,5.463569164276123047e+00,5.529163360595703125e+00,5.465362071990966797e+00,5.456978797912597656e+00,5.455326557159423828e+00,5.526836395263671875e+00,5.547569274902343750e+00,5.511980056762695312e+00,5.491786956787109375e+00
5.537799358367919922e+00,5.493563175201416016e+00,5.558279514312744141e+00,5.495774745941162109e+00,5.487703323364257812e+00,5.485744476318359375e+00,5.555750846862792969e+00,5.576169490814208984e+00,5.541801929473876953e+00,5.522327423095703125e+00
5.566594123840332031e+00,5.523581981658935547e+00,5.587386131286621094e+00,5.526171684265136719e+00,5.518449783325195312e+00,5.516160964965820312e+00,5.584683895111083984e+00,5.604799270629882812e+00,5.571622848510742188e+00,5.552844047546386719e+00
5.595421791076660156e+00,5.553626060485839844e+00,5.616516590118408203e+00,5.556578159332275391e+00,5.549202919006347656e+00,5.546572685241699219e+00,5.613653182983398438e+00,5.633458137512207031e+00,5.601457118988037109e+00,5.583339691162109375e+00
5.624275207519531250e+00,5.583694458007812500e+00,5.645635128021240234e+00,5.586989879608154297e+00,5.579977989196777344e+00,5.576982021331787109e+00,5.642641544342041016e+00,5.662146568298339844e+00,5.631289005279541016e+00,5.613813400268554688e+00
5.653157711029052734e+00,5.613787174224853516e+00,5.674755096435546875e+00,5.617388248443603516e+00,5.610769748687744141e+00,5.607387065887451172e+00,5.671657085418701172e+00,5.690862178802490234e+00,5.661121845245361328e+00,5.644265651702880859e+00
5.682066440582275391e+00,5.643905639648437500e+00,5.703878402709960938e+00,5.647785663604736328e+00,5.641578197479248047e+00,5.637789249420166016e+00,5.700701236724853516e+00,5.719604015350341797e+00,5.690955638885498047e+00,5.674699783325195312e+00
5.711018562316894531e+00,5.674048423767089844e+00,5.733009338378906250e+00,5.678194046020507812e+00,5.672396659851074219e+00,5.668188571929931641e+00,5.729762554168701172e+00,5.748383045196533203e+00,5.720796108245849609e+00,5.705102920532226562e+00
5.739994525909423828e+00,5.704213142395019531e+00,5.762146949768066406e+00,5.708596229553222656e+00,5.703232288360595703e+00,5.698585033416748047e+00,5.758857250213623047e+00,5.777186393737792969e+00,5.750638484954833984e+00,5.735493659973144531e+00
5.769007682800292969e+00,5.734399318695068359e+00,5.791292190551757812e+00,5.738969326019287109e+00,5.734083175659179688e+00,5.728981018066406250e+00,5.787978649139404297e+00,5.806021213531494141e+00,5.780485153198242188e+00,5.765864849090576172e+00
5.798042774200439453e+00,5.764609813690185547e+00,5.820447444915771484e+00,5.769372940063476562e+00,5.764937877655029297e+00,5.759365558624267578e+00,5.817131042480468750e+00,5.834874153137207031e+00,5.810330390930175781e+00,5.796221733093261719e+00
5.827113628387451172e+00,5.794840335845947266e+00,5.849612236022949219e+00,5.799767494201660156e+00,5.795806884765625000e+00,5.789750099182128906e+00,5.846310138702392578e+00,5.863761425018310547e+00,5.840178489685058594e+00,5.826559543609619141e+00
5.856219768524169922e+00,5.825087070465087891e+00,5.878789901733398438e+00,5.830136775970458984e+00,5.826688766479492188e+00,5.820135593414306641e+00,5.875514984130859375e+00,5.892672061920166016e+00,5.870032310485839844e+00,5.856882095336914062e+00
5.885357379913330078e+00,5.855352401733398438e+00,5.907979488372802734e+00,5.860547065734863281e+00,5.857578277587890625e+00,5.850514888763427734e+00,5.904747009277343750e+00,5.921609878540039062e+00,5.899888038635253906e+00,5.887187957763671875e+00
5.914534091949462891e+00,5.885633945465087891e+00,5.937186241149902344e+00,5.890899181365966797e+00,5.888477325439453125e+00,5.880892753601074219e+00,5.934007644653320312e+00,5.950572967529296875e+00,5.929748535156250000e+00,5.917478084564208984e+00
5.943732261657714844e+00,5.915934085845947266e+00,5.966397762298583984e+00,5.921293735504150391e+00,5.919380187988281250e+00,5.911268234252929688e+00,5.963294029235839844e+00,5.979566097259521484e+00,5.959603786468505859e+00,5.947757244110107422e+00
5.972965717315673828e+00,5.946246623992919922e+00,5.995630264282226562e+00,5.951680660247802734e+00,5.950290203094482422e+00,5.941640377044677734e+00,5.992609024047851562e+00,6.008582592010498047e+00,5.989467620849609375e+00,5.978018760681152344e+00
6.002228260040283203e+00,5.976566314697265625e+00,6.024878501892089844e+00,5.982017517089843750e+00,5.981203079223632812e+00,5.972010135650634766e+00,6.021955490112304688e+00,6.037622928619384766e+00,6.019336223602294922e+00,6.008258342742919922e+00
6.031543731689453125e+00,6.006910800933837891e+00,6.054136276245117188e+00,6.012421607971191406e+00,6.012126445770263672e+00,6.002374172210693359e+00,6.051309108734130859e+00,6.066690444946289062e+00,6.049195289611816406e+00,6.038511276245117188e+00
6.060884952545166016e+00,6.037262916564941406e+00,6.083411693572998047e+00,6.042761325836181641e+00,6.043050765991210938e+00,6.032738685607910156e+00,6.080698013305664062e+00,6.095785140991210938e+00,6.079063892364501953e+00,6.068738460540771484e+00
6.090252876281738281e+00,6.067614555358886719e+00,6.112706661224365234e+00,6.073109149932861328e+00,6.073976039886474609e+00,6.063098430633544922e+00,6.110109806060791016e+00,6.124893665313720703e+00,6.108934879302978516e+00,6.098953247070312500e+00
6.119656562805175781e+00,6.097977638244628906e+00,6.142018795013427734e+00,6.103482723236083984e+00,6.104904651641845703e+00,6.093454837799072266e+00,6.139545440673828125e+00,6.154025077819824219e+00,6.138803005218505859e+00,6.129157066345214844e+00
6.149092674255371094e+00,6.128351211547851562e+00,6.171343803405761719e+00,6.133809089660644531e+00,6.135833263397216797e+00,6.123811244964599609e+00,6.169003009796142578e+00,6.183191299438476562e+00,6.168680667877197266e+00,6.159352779388427734e+00
6.178561210632324219e+00,6.158727169036865234e+00,6.200685977935791016e+00,6.164178848266601562e+00,6.166762351989746094e+00,6.154163837432861328e+00,6.198482036590576172e+00,6.212373733520507812e+00,6.198555946350097656e+00,6.189539909362792969e+00
6.208061218261718750e+00,6.189102649688720703e+00,6.230038166046142578e+00,6.194505691528320312e+00,6.197691917419433594e+00,6.184514045715332031e+00,6.227980613708496094e+00,6.241579532623291016e+00,6.228434085845947266e+00,6.219720840454101562e+00
6.237594604492187500e+00,6.219497680664062500e+00,6.259425163269042969e+00,6.224852561950683594e+00,6.228620052337646484e+00,6.214862346649169922e+00,6.257503986358642578e+00,6.270804405212402344e+00,6.258310317993164062e+00,6.249882698059082031e+00
6.267157077789306641e+00,6.249888896942138672e+00,6.288819789886474609e+00,6.255180358886718750e+00,6.259545803070068359e+00,6.245212078094482422e+00,6.287047863006591797e+00,6.300052165985107422e+00,6.288193702697753906e+00,6.280039787292480469e+00
6.296757221221923828e+00,6.280277729034423828e+00,6.318231582641601562e+00,6.285499572753906250e+00,6.290472507476806641e+00,6.275549888610839844e+00,6.316602706909179688e+00,6.329320430755615234e+00,6.318070411682128906e+00,6.310194969177246094e+00
6.326382637023925781e+00,6.310668945312500000e+00,6.347657680511474609e+00,6.315845012664794922e+00,6.321394920349121094e+00,6.305891990661621094e+00,6.346179008483886719e+00,6.358607292175292969e+00,6.347951889038085938e+00,6.340339660644531250e+00
6.356043815612792969e+00,6.341060161590576172e+00,6.377095222473144531e+00,6.346123218536376953e+00,6.352315902709960938e+00,6.336233615875244141e+00,6.375774383544921875e+00,6.387912750244140625e+00,6.377836704254150391e+00,6.370475769042968750e+00
6.385728359222412109e+00,6.371455192565917969e+00,6.406566143035888672e+00,6.376459598541259766e+00,6.383230686187744141e+00,6.366562843322753906e+00,6.405383110046386719e+00,6.417245388031005859e+00,6.407718658447265625e+00,6.400610923767089844e+00
6.415445327758789062e+00,6.401847362518310547e+00,6.436043739318847656e+00,6.406778335571289062e+00,6.414141654968261719e+00,6.396893501281738281e+00,6.435009479522705078e+00,6.446594238281250000e+00,6.437601089477539062e+00,6.430737495422363281e+00
6.445188045501708984e+00,6.432236671447753906e+00,6.465538024902343750e+00,6.437065601348876953e+00,6.445051670074462891e+00,6.427227497100830078e+00,6.464650630950927734e+00,6.475956916809082031e+00,6.467489242553710938e+00,6.460858345031738281e+00
6.474960327148437500e+00,6.462625503540039062e+00,6.495047569274902344e+00,6.467390060424804688e+00,6.475955963134765625e+00,6.457555770874023438e+00,6.494304656982421875e+00,6.505342006683349609e+00,6.497374534606933594e+00,6.490974903106689453e+00
6.504765510559082031e+00,6.493010044097900391e+00,6.524572849273681641e+00,6.497667312622070312e+00,6.506857872009277344e+00,6.487881183624267578e+00,6.523968696594238281e+00,6.534752368927001953e+00,6.527260780334472656e+00,6.521089076995849609e+00
6.534585475921630859e+00,6.523394107818603516e+00,6.554116249084472656e+00,6.527978897094726562e+00,6.537745475769042969e+00,6.518206119537353516e+00,6.553658008575439453e+00,6.564161300659179688e+00,6.557150363922119141e+00,6.551189899444580078e+00
6.564435482025146484e+00,6.553771495819091797e+00,6.583677768707275391e+00,6.558261394500732422e+00,6.568633556365966797e+00,6.548527717590332031e+00,6.583350181579589844e+00,6.593594551086425781e+00,6.587037086486816406e+00,6.581291675567626953e+00
6.594315052032470703e+00,6.584151268005371094e+00,6.613244533538818359e+00,6.588530540466308594e+00,6.599513053894042969e+00,6.578847408294677734e+00,6.613060951232910156e+00,6.623049736022949219e+00,6.616928100585937500e+00,6.611389636993408203e+00
6.624215126037597656e+00,6.614524364471435547e+00,6.642830371856689453e+00,6.618847370147705078e+00,6.630388259887695312e+00,6.609166145324707031e+00,6.642779350280761719e+00,6.652519226074218750e+00,6.646817684173583984e+00,6.641483783721923828e+00
6.654141426086425781e+00,6.644889831542968750e+00,6.672430038452148438e+00,6.649082660675048828e+00,6.661259651184082031e+00,6.639484405517578125e+00,6.672512531280517578e+00,6.682007312774658203e+00,6.676712989807128906e+00,6.671573162078857422e+00
6.684088706970214844e+00,6.675259590148925781e+00,6.702048778533935547e+00,6.679372310638427734e+00,6.692116260528564453e+00,6.669792652130126953e+00,6.702250003814697266e+00,6.711503982543945312e+00,6.706599235534667969e+00,6.701663017272949219e+00
6.714057922363281250e+00,6.705621719360351562e+00,6.731675624847412109e+00,6.709649562835693359e+00,6.722970008850097656e+00,6.700102329254150391e+00,6.731999397277832031e+00,6.741021156311035156e+00,6.736495494842529297e+00,6.731750488281250000e+00
6.744049549102783203e+00,6.735977172851562500e+00,6.761322498321533203e+00,6.739902496337890625e+00,6.753814697265625000e+00,6.730412483215332031e+00,6.761758804321289062e+00,6.770549297332763672e+00,6.766381263732910156e+00,6.761829853057861328e+00
6.774060249328613281e+00,6.766328334808349609e+00,6.790981769561767578e+00,6.770186901092529297e+00,6.784649372100830078e+00,6.760718345642089844e+00,6.791528701782226562e+00,6.800095558166503906e+00,6.796273231506347656e+00,6.791909694671630859e+00
6.804089546203613281e+00,6.796669483184814453e+00,6.820657730102539062e+00,6.800427436828613281e+00,6.815474033355712891e+00,6.791021823883056641e+00,6.821315288543701172e+00,6.829663276672363281e+00,6.826169967651367188e+00,6.821991920471191406e+00
6.834142684936523438e+00,6.827020168304443359e+00,6.850332736968994141e+00,6.830699443817138672e+00,6.846301555633544922e+00,6.821326732635498047e+00,6.851090908050537109e+00,6.859225273132324219e+00,6.856058597564697266e+00,6.852062702178955078e+00
6.864214420318603516e+00,6.857358455657958984e+00,6.880022525787353516e+00,6.860935688018798828e+00,6.877110481262207031e+00,6.851629734039306641e+00,6.880883693695068359e+00,6.888812541961669922e+00,6.885948657989501953e+00,6.882141113281250000e+00
6.894297599792480469e+00,6.887692928314208984e+00,6.909738540649414062e+00,6.891185283660888672e+00,6.907917022705078125e+00,6.881925106048583984e+00,6.910687446594238281e+00,6.918409824371337891e+00,6.915848731994628906e+00,6.912207603454589844e+00
6.924398899078369141e+00,6.918022155761718750e+00,6.939458370208740234e+00,6.921452999114990234e+00,6.938710689544677734e+00,6.912222862243652344e+00,6.940497875213623047e+00,6.948021888732910156e+00,6.945743560791015625e+00,6.942278861999511719e+00
6.954516887664794922e+00,6.948347091674804688e+00,6.969189643859863281e+00,6.951653957366943359e+00,6.969495773315429688e+00,6.942520618438720703e+00,6.970320224761962891e+00,6.977646827697753906e+00,6.975643157958984375e+00,6.972346305847167969e+00
6.984655380249023438e+00,6.978665828704833984e+00,6.998937129974365234e+00,6.981919765472412109e+00,7.000268936157226562e+00,6.972807884216308594e+00,7.000136375427246094e+00,7.007282733917236328e+00,7.005536556243896484e+00,7.002413272857666016e+00
7.014804363250732422e+00,7.008980751037597656e+00,7.028693199157714844e+00,7.012145996093750000e+00,7.031034946441650391e+00,7.003097057342529297e+00,7.029962539672851562e+00,7.036932945251464844e+00,7.035432338714599609e+00,7.032477855682373047e+00
7.044969081878662109e+00,7.039293289184570312e+00,7.058461189270019531e+00,7.042375087738037109e+00,7.061787128448486328e+00,7.033386707305908203e+00,7.059803009033203125e+00,7.066590785980224609e+00,7.065332412719726562e+00,7.062544822692871094e+00
7.075145244598388672e+00,7.069598674774169922e+00,7.088239669799804688e+00,7.072622776031494141e+00,7.092531681060791016e+00,7.063677310943603516e+00,7.089646816253662109e+00,7.096261501312255859e+00,7.095229148864746094e+00,7.092610359191894531e+00
7.105330467224121094e+00,7.099898338317871094e+00,7.118029594421386719e+00,7.102835655212402344e+00,7.123269081115722656e+00,7.093977451324462891e+00,7.119499683380126953e+00,7.125943183898925781e+00,7.125120639801025391e+00,7.122681140899658203e+00
7.135541439056396484e+00,7.130198955535888672e+00,7.147831439971923828e+00,7.133074283599853516e+00,7.153984546661376953e+00,7.124239921569824219e+00,7.149350166320800781e+00,7.155638694763183594e+00,7.155030250549316406e+00,7.152734279632568359e+00
7.165760517120361328e+00,7.160494327545166016e+00,7.177651405334472656e+00,7.163273811340332031e+00,7.184699535369873047e+00,7.154522418975830078e+00,7.179212570190429688e+00,7.185351371765136719e+00,7.184923171997070312e+00,7.182799339294433594e+00
7.195982933044433594e+00,7.190781593322753906e+00,7.207461357116699219e+00,7.193500041961669922e+00,7.215392112731933594e+00,7.184799194335937500e+00,7.209075450897216797e+00,7.215053558349609375e+00,7.214835166931152344e+00,7.212855339050292969e+00
7.226223468780517578e+00,7.221072196960449219e+00,7.237293243408203125e+00,7.223725318908691406e+00,7.246076107025146484e+00,7.215075969696044922e+00,7.238947868347167969e+00,7.244775772094726562e+00,7.244740962982177734e+00,7.242911338806152344e+00
7.256483554840087891e+00,7.251367092132568359e+00,7.267137050628662109e+00,7.253902435302734375e+00,7.276741981506347656e+00,7.245349884033203125e+00,7.268827915191650391e+00,7.274501800537109375e+00,7.274653911590576172e+00,7.272956371307373047e+00
7.286727905273437500e+00,7.281625270843505859e+00,7.296982288360595703e+00,7.284155845642089844e+00,7.307416915893554688e+00,7.275623798370361328e+00,7.298705577850341797e+00,7.304255008697509766e+00,7.304549217224121094e+00,7.303032875061035156e+00
7.317000865936279297e+00,7.311898231506347656e+00,7.326841831207275391e+00,7.314325332641601562e+00,7.338065624237060547e+00,7.305895328521728516e+00,7.328596591949462891e+00,7.334015846252441406e+00,7.334452629089355469e+00,7.333088874816894531e+00
7.347273349761962891e+00,7.342169761657714844e+00,7.356711387634277344e+00,7.344531059265136719e+00,7.368707180023193359e+00,7.336165428161621094e+00,7.358484268188476562e+00,7.363768100738525391e+00,7.364365100860595703e+00,7.363149642944335938e+00
7.377558708190917969e+00,7.372436046600341797e+00,7.386589050292968750e+00,7.374757289886474609e+00,7.399331092834472656e+00,7.366434574127197266e+00,7.388382911682128906e+00,7.393537044525146484e+00,7.394274234771728516e+00,7.393206596374511719e+00
7.407853126525878906e+00,7.402698040008544922e+00,7.416475772857666016e+00,7.404932022094726562e+00,7.429944992065429688e+00,7.396698474884033203e+00,7.418281078338623047e+00,7.423316001892089844e+00,7.424185276031494141e+00,7.423263549804687500e+00
7.438156604766845703e+00,7.432958126068115234e+00,7.446371555328369141e+00,7.435155391693115234e+00,7.460546970367431641e+00,7.426963329315185547e+00,7.448186397552490234e+00,7.453101158142089844e+00,7.454098701477050781e+00,7.453320026397705078e+00
7.468476772308349609e+00,7.463214397430419922e+00,7.476275920867919922e+00,7.465335845947265625e+00,7.491145133972167969e+00,7.457228660583496094e+00,7.478099346160888672e+00,7.482888221740722656e+00,7.484023571014404297e+00,7.483376979827880859e+00
7.498783111572265625e+00,7.493465423583984375e+00,7.506189823150634766e+00,7.495543003082275391e+00,7.521705150604248047e+00,7.487484931945800781e+00,7.508012294769287109e+00,7.512701034545898438e+00,7.513924598693847656e+00,7.513431072235107422e+00
7.529109954833984375e+00,7.523715019226074219e+00,7.536111831665039062e+00,7.525721549987792969e+00,7.552267074584960938e+00,7.517738342285156250e+00,7.537933826446533203e+00,7.542509555816650391e+00,7.543839454650878906e+00,7.543483734130859375e+00
7.559439182281494141e+00,7.553961753845214844e+00,7.566039085388183594e+00,7.555907726287841797e+00,7.582811355590820312e+00,7.548001289367675781e+00,7.567853927612304688e+00,7.572330951690673828e+00,7.573758125305175781e+00,7.573542118072509766e+00
7.589777469635009766e+00,7.584206104278564453e+00,7.595978736877441406e+00,7.586133003234863281e+00,7.613346099853515625e+00,7.578256607055664062e+00,7.597780227661132812e+00,7.602157115936279297e+00,7.603677272796630859e+00,7.603595733642578125e+00
7.620123863220214844e+00,7.614447593688964844e+00,7.625929355621337891e+00,7.616278171539306641e+00,7.643870353698730469e+00,7.608509063720703125e+00,7.627710819244384766e+00,7.631990909576416016e+00,7.633604049682617188e+00,7.633644104003906250e+00
7.650470733642578125e+00,7.644683361053466797e+00,7.655874252319335938e+00,7.646461009979248047e+00,7.674369812011718750e+00,7.638761043548583984e+00,7.657648086547851562e+00,7.661829948425292969e+00,7.663518428802490234e+00,7.663704395294189453e+00
7.680822372436523438e+00,7.674922466278076172e+00,7.685832977294921875e+00,7.676651477813720703e+00,7.704862594604492188e+00,7.669010162353515625e+00,7.687590599060058594e+00,7.691680908203125000e+00,7.693439483642578125e+00,7.693755626678466797e+00
7.711188316345214844e+00,7.705150127410888672e+00,7.715801715850830078e+00,7.706820487976074219e+00,7.735340595245361328e+00,7.699260234832763672e+00,7.717530727386474609e+00,7.721530914306640625e+00,7.723366260528564453e+00,7.723812103271484375e+00
7.741554737091064453e+00,7.735382080078125000e+00,7.745775699615478516e+00,7.737013816833496094e+00,7.765807628631591797e+00,7.729509353637695312e+00,7.747479438781738281e+00,7.751390457153320312e+00,7.753292560577392578e+00,7.753863811492919922e+00
7.771927356719970703e+00,7.765614032745361328e+00,7.775749206542968750e+00,7.767160892486572266e+00,7.796268939971923828e+00,7.759768486022949219e+00,7.777432918548583984e+00,7.781255722045898438e+00,7.783216953277587891e+00,7.783917427062988281e+00
7.802302360534667969e+00,7.795833587646484375e+00,7.805749416351318359e+00,7.797371387481689453e+00,7.826694011688232422e+00,7.789996147155761719e+00,7.807383060455322266e+00,7.811130046844482422e+00,7.813148975372314453e+00,7.813969135284423828e+00
7.832683086395263672e+00,7.826059341430664062e+00,7.835745811462402344e+00,7.827526092529296875e+00,7.857120990753173828e+00,7.820234298706054688e+00,7.837339401245117188e+00,7.841007232666015625e+00,7.843080043792724609e+00,7.844016075134277344e+00
7.863068103790283203e+00,7.856275081634521484e+00,7.865747928619384766e+00,7.857698440551757812e+00,7.887526512145996094e+00,7.850477695465087891e+00,7.867303371429443359e+00,7.870894908905029297e+00,7.873013496398925781e+00,7.874073028564453125e+00
7.893457889556884766e+00,7.886493206024169922e+00,7.895761489868164062e+00,7.887896537780761719e+00,7.917924404144287109e+00,7.880715847015380859e+00,7.897268772125244141e+00,7.900787353515625000e+00,7.902946949005126953e+00,7.904124259948730469e+00
7.923855781555175781e+00,7.916709423065185547e+00,7.925787448883056641e+00,7.918003082275390625e+00,7.948313713073730469e+00,7.910951614379882812e+00,7.927235603332519531e+00,7.930693149566650391e+00,7.932884216308593750e+00,7.934175968170166016e+00
7.954246520996093750e+00,7.946922302246093750e+00,7.955796718597412109e+00,7.948205471038818359e+00,7.978674888610839844e+00,7.941187858581542969e+00,7.957211017608642578e+00,7.960584640502929688e+00,7.962821960449218750e+00,7.964225292205810547e+00
7.984648704528808594e+00,7.977128505706787109e+00,7.985829830169677734e+00,7.978367805480957031e+00,8.009031295776367188e+00,7.971422195434570312e+00,7.987191200256347656e+00,7.990494251251220703e+00,7.992760181427001953e+00,7.994272232055664062e+00
8.015048980712890625e+00,8.007345199584960938e+00,8.015860557556152344e+00,8.008527755737304688e+00,8.039372444152832031e+00,8.001654624938964844e+00,8.017165184020996094e+00,8.020403861999511719e+00,8.022702217102050781e+00,8.024325370788574219e+00
8.045455932617187500e+00,8.037550926208496094e+00,8.045896530151367188e+00,8.038698196411132812e+00,8.069704055786132812e+00,8.031887054443359375e+00,8.047150611877441406e+00,8.050322532653808594e+00,8.052640914916992188e+00,8.054368972778320312e+00
8.075861930847167969e+00,8.067760467529296875e+00,8.075948715209960938e+00,8.068847656250000000e+00,8.100018501281738281e+00,8.062114715576171875e+00,8.077133178710937500e+00,8.080244064331054688e+00,8.082589149475097656e+00,8.084423065185546875e+00
8.106269836425781250e+00,8.097965240478515625e+00,8.105998992919921875e+00,8.099038124084472656e+00,8.130323410034179688e+00,8.092342376708984375e+00,8.107120513916015625e+00,8.110173225402832031e+00,8.112535476684570312e+00,8.114471435546875000e+00
8.136678695678710938e+00,8.128170967102050781e+00,8.136043548583984375e+00,8.129164695739746094e+00,8.160618782043457031e+00,8.122570991516113281e+00,8.137106895446777344e+00,8.140111923217773438e+00,8.142492294311523438e+00,8.144525527954101562e+00
8.167097091674804688e+00,8.158369064331054688e+00,8.166125297546386719e+00,8.159333229064941406e+00,8.190889358520507812e+00,8.152791976928710938e+00,8.167108535766601562e+00,8.170040130615234375e+00,8.172431945800781250e+00,8.174566268920898438e+00
8.197508811950683594e+00,8.188570976257324219e+00,8.196193695068359375e+00,8.189515113830566406e+00,8.221153259277343750e+00,8.183017730712890625e+00,8.197111129760742188e+00,8.199979782104492188e+00,8.202384948730468750e+00,8.204609870910644531e+00
8.227912902832031250e+00,8.218780517578125000e+00,8.226255416870117188e+00,8.219593048095703125e+00,8.251405715942382812e+00,8.213250160217285156e+00,8.227132797241210938e+00,8.229926109313964844e+00,8.232351303100585938e+00,8.234647750854492188e+00
8.258341789245605469e+00,8.248963356018066406e+00,8.256348609924316406e+00,8.249802589416503906e+00,8.281648635864257812e+00,8.243457794189453125e+00,8.257110595703125000e+00,8.259875297546386719e+00,8.262290000915527344e+00,8.264705657958984375e+00
8.288743972778320312e+00,8.279160499572753906e+00,8.286435127258300781e+00,8.279939651489257812e+00,8.311875343322753906e+00,8.273692131042480469e+00,8.287121772766113281e+00,8.289830207824707031e+00,8.292251586914062500e+00,8.294756889343261719e+00
8.319175720214843750e+00,8.309352874755859375e+00,8.316522598266601562e+00,8.310101509094238281e+00,8.342095375061035156e+00,8.303894042968750000e+00,8.317127227783203125e+00,8.319790840148925781e+00,8.322203636169433594e+00,8.324795722961425781e+00
8.349591255187988281e+00,8.339539527893066406e+00,8.346611022949218750e+00,8.340251922607421875e+00,8.372300148010253906e+00,8.334106445312500000e+00,8.347142219543457031e+00,8.349754333496093750e+00,8.352170944213867188e+00,8.354844093322753906e+00
8.380006790161132812e+00,8.369734764099121094e+00,8.376714706420898438e+00,8.370400428771972656e+00,8.402496337890625000e+00,8.364321708679199219e+00,8.377153396606445312e+00,8.379717826843261719e+00,8.382123947143554688e+00,8.384882926940917969e+00
8.410417556762695312e+00,8.399930000305175781e+00,8.406817436218261719e+00,8.400561332702636719e+00,8.432681083679199219e+00,8.394536972045898438e+00,8.407171249389648438e+00,8.409682273864746094e+00,8.412084579467773438e+00,8.414923667907714844e+00
8.440823554992675781e+00,8.430139541625976562e+00,8.436916351318359375e+00,8.430665969848632812e+00,8.462866783142089844e+00,8.424759864807128906e+00,8.437195777893066406e+00,8.439639091491699219e+00,8.442045211791992188e+00,8.444958686828613281e+00
8.471242904663085938e+00,8.460299491882324219e+00,8.467037200927734375e+00,8.460871696472167969e+00,8.493015289306640625e+00,8.454956054687500000e+00,8.467213630676269531e+00,8.469635963439941406e+00,8.472015380859375000e+00,8.475011825561523438e+00
8.501655578613281250e+00,8.490482330322265625e+00,8.497153282165527344e+00,8.491003990173339844e+00,8.523172378540039062e+00,8.485169410705566406e+00,8.497237205505371094e+00,8.499614715576171875e+00,8.501978874206542969e+00,8.505046844482421875e+00
8.532054901123046875e+00,8.520670890808105469e+00,8.527270317077636719e+00,8.521105766296386719e+00,8.553309440612792969e+00,8.515371322631835938e+00,8.527265548706054688e+00,8.529600143432617188e+00,8.531953811645507812e+00,8.535095214843750000e+00
8.562457084655761719e+00,8.550855636596679688e+00,8.557391166687011719e+00,8.551298141479492188e+00,8.583439826965332031e+00,8.545578002929687500e+00,8.557296752929687500e+00,8.559586524963378906e+00,8.561924934387207031e+00,8.565136909484863281e+00
8.592868804931640625e+00,8.581039428710937500e+00,8.587511062622070312e+00,8.581411361694335938e+00,8.613556861877441406e+00,8.575783729553222656e+00,8.587343215942382812e+00,8.589579582214355469e+00,8.591904640197753906e+00,8.595176696777343750e+00
8.623244285583496094e+00,8.611216545104980469e+00,8.617647171020507812e+00,8.611576080322265625e+00,8.643674850463867188e+00,8.605984687805175781e+00,8.617360115051269531e+00,8.619567871093750000e+00,8.621872901916503906e+00,8.625215530395507812e+00
8.653636932373046875e+00,8.641389846801757812e+00,8.647782325744628906e+00,8.641691207885742188e+00,8.673782348632812500e+00,8.636187553405761719e+00,8.647400856018066406e+00,8.649566650390625000e+00,8.651866912841796875e+00,8.655255317687988281e+00
8.684015274047851562e+00,8.671577453613281250e+00,8.677911758422851562e+00,8.671855926513671875e+00,8.703871726989746094e+00,8.666385650634765625e+00,8.677433013916015625e+00,8.679559707641601562e+00,8.681822776794433594e+00,8.685293197631835938e+00
8.714393615722656250e+00,8.701750755310058594e+00,8.708052635192871094e+00,8.702003479003906250e+00,8.733956336975097656e+00,8.696580886840820312e+00,8.707478523254394531e+00,8.709564208984375000e+00,8.711804389953613281e+00,8.715331077575683594e+00
8.744764328002929688e+00,8.731930732727050781e+00,8.738184928894042969e+00,8.732114791870117188e+00,8.764035224914550781e+00,8.726780891418457031e+00,8.737515449523925781e+00,8.739563941955566406e+00,8.741782188415527344e+00,8.745368003845214844e+00
8.775129318237304688e+00,8.762104988098144531e+00,8.768324851989746094e+00,8.762298583984375000e+00,8.794101715087890625e+00,8.756978034973144531e+00,8.767560005187988281e+00,8.769569396972656250e+00,8.771761894226074219e+00,8.775404930114746094e+00
8.805489540100097656e+00,8.792269706726074219e+00,8.798465728759765625e+00,8.792385101318359375e+00,8.824159622192382812e+00,8.787179946899414062e+00,8.797609329223632812e+00,8.799579620361328125e+00,8.801737785339355469e+00,8.805436134338378906e+00
8.835836410522460938e+00,8.822452545166015625e+00,8.828611373901367188e+00,8.822537422180175781e+00,8.854213714599609375e+00,8.817364692687988281e+00,8.827652931213378906e+00,8.829586982727050781e+00,8.831731796264648438e+00,8.835475921630859375e+00
8.866174697875976562e+00,8.852626800537109375e+00,8.858761787414550781e+00,8.852687835693359375e+00,8.884258270263671875e+00,8.847558021545410156e+00,8.857699394226074219e+00,8.859600067138671875e+00,8.861720085144042969e+00,8.865512847900390625e+00
8.896512985229492188e+00,8.882795333862304688e+00,8.888903617858886719e+00,8.882802009582519531e+00,8.914295196533203125e+00,8.877746582031250000e+00,8.887752532958984375e+00,8.889613151550292969e+00,8.891705513000488281e+00,8.895544052124023438e+00
8.926840782165527344e+00,8.912964820861816406e+00,8.919050216674804688e+00,8.912964820861816406e+00,8.944324493408203125e+00,8.907932281494140625e+00,8.917803764343261719e+00,8.919628143310546875e+00,8.921694755554199219e+00,8.925577163696289062e+00
8.957162857055664062e+00,8.943125724792480469e+00,8.949187278747558594e+00,8.943078994750976562e+00,8.974358558654785156e+00,8.938104629516601562e+00,8.947854995727539062e+00,8.949643135070800781e+00,8.951691627502441406e+00,8.955621719360351562e+00
8.987463951110839844e+00,8.973299980163574219e+00,8.979348182678222656e+00,8.973237037658691406e+00,9.004359245300292969e+00,8.968311309814453125e+00,8.977912902832031250e+00,8.979668617248535156e+00,8.981676101684570312e+00,8.985643386840820312e+00
9.017766952514648438e+00,9.003462791442871094e+00,9.009492874145507812e+00,9.003357887268066406e+00,9.034364700317382812e+00,8.998497962951660156e+00,9.007964134216308594e+00,9.009692192077636719e+00,9.011662483215332031e+00,9.015675544738769531e+00
9.048050880432128906e+00,9.033631324768066406e+00,9.039646148681640625e+00,9.033474922180175781e+00,9.064369201660156250e+00,9.028678894042968750e+00,9.038027763366699219e+00,9.039712905883789062e+00,9.041664123535156250e+00,9.045706748962402344e+00
9.078328132629394531e+00,9.063795089721679688e+00,9.069792747497558594e+00,9.063647270202636719e+00,9.094363212585449219e+00,9.058864593505859375e+00,9.068086624145507812e+00,9.069735527038574219e+00,9.071660995483398438e+00,9.075736999511718750e+00
9.108590126037597656e+00,9.093967437744140625e+00,9.099932670593261719e+00,9.093726158142089844e+00,9.124356269836425781e+00,9.089056015014648438e+00,9.098153114318847656e+00,9.099753379821777344e+00,9.101663589477539062e+00,9.105767250061035156e+00
9.138854980468750000e+00,9.124117851257324219e+00,9.130090713500976562e+00,9.123879432678222656e+00,9.154334068298339844e+00,9.119220733642578125e+00,9.128208160400390625e+00,9.129791259765625000e+00,9.131654739379882812e+00,9.135795593261718750e+00
9.169099807739257812e+00,9.154278755187988281e+00,9.160238265991210938e+00,9.154007911682128906e+00,9.184309959411621094e+00,9.149403572082519531e+00,9.158285140991210938e+00,9.159824371337890625e+00,9.161653518676757812e+00,9.165827751159667969e+00
9.199341773986816406e+00,9.184435844421386719e+00,9.190383911132812500e+00,9.184127807617187500e+00,9.214281082153320312e+00,9.179576873779296875e+00,9.188332557678222656e+00,9.189850807189941406e+00,9.191657066345214844e+00,9.195851325988769531e+00
9.229565620422363281e+00,9.214593887329101562e+00,9.220530509948730469e+00,9.214275360107421875e+00,9.244250297546386719e+00,9.209749221801757812e+00,9.218391418457031250e+00,9.219881057739257812e+00,9.221662521362304688e+00,9.225879669189453125e+00
9.259766578674316406e+00,9.244751930236816406e+00,9.250677108764648438e+00,9.244373321533203125e+00,9.274220466613769531e+00,9.239901542663574219e+00,9.248444557189941406e+00,9.249911308288574219e+00,9.251687049865722656e+00,9.255907058715820312e+00
9.289991378784179688e+00,9.274903297424316406e+00,9.280817031860351562e+00,9.274535179138183594e+00,9.304159164428710938e+00,9.270100593566894531e+00,9.278527259826660156e+00,9.279950141906738281e+00,9.281666755676269531e+00,9.285931587219238281e+00
9.320198059082031250e+00,9.305062294006347656e+00,9.310959815979003906e+00,9.304625511169433594e+00,9.334100723266601562e+00,9.300278663635253906e+00,9.308596611022949219e+00,9.309988975524902344e+00,9.311675071716308594e+00,9.315957069396972656e+00
9.350365638732910156e+00,9.335206985473632812e+00,9.341095924377441406e+00,9.334774971008300781e+00,9.364054679870605469e+00,9.330441474914550781e+00,9.338661193847656250e+00,9.340018272399902344e+00,9.341679573059082031e+00,9.345981597900390625e+00
9.380537986755371094e+00,9.365359306335449219e+00,9.371232032775878906e+00,9.364930152893066406e+00,9.393993377685546875e+00,9.360611915588378906e+00,9.368731498718261719e+00,9.370053291320800781e+00,9.371688842773437500e+00,9.376005172729492188e+00
9.410696983337402344e+00,9.395519256591796875e+00,9.401355743408203125e+00,9.394984245300292969e+00,9.423921585083007812e+00,9.390790939331054688e+00,9.398806571960449219e+00,9.400097846984863281e+00,9.401704788208007812e+00,9.406030654907226562e+00
9.440853118896484375e+00,9.425654411315917969e+00,9.431503295898437500e+00,9.425142288208007812e+00,9.453859329223632812e+00,9.420945167541503906e+00,9.428866386413574219e+00,9.430129051208496094e+00,9.431709289550781250e+00,9.436051368713378906e+00
9.471005439758300781e+00,9.455807685852050781e+00,9.461643218994140625e+00,9.455257415771484375e+00,9.483781814575195312e+00,9.451107025146484375e+00,9.458930015563964844e+00,9.460161209106445312e+00,9.461712837219238281e+00,9.466066360473632812e+00
9.501127243041992188e+00,9.485945701599121094e+00,9.491764068603515625e+00,9.485383987426757812e+00,9.513706207275390625e+00,9.481274604797363281e+00,9.489006042480468750e+00,9.490208625793457031e+00,9.491732597351074219e+00,9.496095657348632812e+00
9.531248092651367188e+00,9.516090393066406250e+00,9.521890640258789062e+00,9.515502929687500000e+00,9.543621063232421875e+00,9.511435508728027344e+00,9.519076347351074219e+00,9.520244598388671875e+00,9.521750450134277344e+00,9.526117324829101562e+00
9.561361312866210938e+00,9.546230316162109375e+00,9.552015304565429688e+00,9.545620918273925781e+00,9.573539733886718750e+00,9.541598320007324219e+00,9.549146652221679688e+00,9.550286293029785156e+00,9.551761627197265625e+00,9.556137084960937500e+00
9.591464996337890625e+00,9.576369285583496094e+00,9.582136154174804688e+00,9.575762748718261719e+00,9.603451728820800781e+00,9.571759223937988281e+00,9.579216957092285156e+00,9.580327033996582031e+00,9.581778526306152344e+00,9.586158752441406250e+00
9.621560096740722656e+00,9.606493949890136719e+00,9.612251281738281250e+00,9.605855941772460938e+00,9.633372306823730469e+00,9.601920127868652344e+00,9.609288215637207031e+00,9.610367774963378906e+00,9.611809730529785156e+00,9.616186141967773438e+00
9.651644706726074219e+00,9.636648178100585938e+00,9.642374038696289062e+00,9.636004447937011719e+00,9.663259506225585938e+00,9.632076263427734375e+00,9.639361381530761719e+00,9.640410423278808594e+00,9.641810417175292969e+00,9.646196365356445312e+00
9.681716918945312500e+00,9.666788101196289062e+00,9.672485351562500000e+00,9.666128158569335938e+00,9.693158149719238281e+00,9.662233352661132812e+00,9.669432640075683594e+00,9.670450210571289062e+00,9.671827316284179688e+00,9.676213264465332031e+00
9.711769104003906250e+00,9.696933746337890625e+00,9.702585220336914062e+00,9.696166038513183594e+00,9.723044395446777344e+00,9.692391395568847656e+00,9.699503898620605469e+00,9.700483322143554688e+00,9.701846122741699219e+00,9.706224441528320312e+00
9.741851806640625000e+00,9.727051734924316406e+00,9.732708930969238281e+00,9.726340293884277344e+00,9.752953529357910156e+00,9.722541809082031250e+00,9.729576110839843750e+00,9.730538368225097656e+00,9.731869697570800781e+00,9.736250877380371094e+00
9.771914482116699219e+00,9.757176399230957031e+00,9.762803077697753906e+00,9.756439208984375000e+00,9.782840728759765625e+00,9.752690315246582031e+00,9.759648323059082031e+00,9.760574340820312500e+00,9.761889457702636719e+00,9.766268730163574219e+00
9.801947593688964844e+00,9.787314414978027344e+00,9.792919158935546875e+00,9.786566734313964844e+00,9.812732696533203125e+00,9.782845497131347656e+00,9.789721488952636719e+00,9.790625572204589844e+00,9.791913032531738281e+00,9.796283721923828125e+00
9.831975936889648438e+00,9.817445755004882812e+00,9.823022842407226562e+00,9.816679954528808594e+00,9.842621803283691406e+00,9.812987327575683594e+00,9.819793701171875000e+00,9.820669174194335938e+00,9.821938514709472656e+00,9.826300621032714844e+00
9.862019538879394531e+00,9.847571372985839844e+00,9.853117942810058594e+00,9.846789360046386719e+00,9.872503280639648438e+00,9.843147277832031250e+00,9.849865913391113281e+00,9.850714683532714844e+00,9.851960182189941406e+00,9.856316566467285156e+00
9.892041206359863281e+00,9.877693176269531250e+00,9.883215904235839844e+00,9.876915931701660156e+00,9.902386665344238281e+00,9.873297691345214844e+00,9.879938125610351562e+00,9.880759239196777344e+00,9.881980895996093750e+00,9.886333465576171875e+00
9.922043800354003906e+00,9.907802581787109375e+00,9.913313865661621094e+00,9.906995773315429688e+00,9.932271003723144531e+00,9.903447151184082031e+00,9.910011291503906250e+00,9.910802841186523438e+00,9.911995887756347656e+00,9.916348457336425781e+00
9.952079772949218750e+00,9.937947273254394531e+00,9.943397521972656250e+00,9.937155723571777344e+00,9.962141990661621094e+00,9.933590888977050781e+00,9.940083503723144531e+00,9.940849304199218750e+00,9.942036628723144531e+00,9.946361541748046875e+00
9.982088088989257812e+00,9.968072891235351562e+00,9.973489761352539062e+00,9.967245101928710938e+00,9.992006301879882812e+00,9.963737487792968750e+00,9.970155715942382812e+00,9.970893859863281250e+00,9.972059249877929688e+00,9.976379394531250000e+00
1.001209068298339844e+01,9.998189926147460938e+00,1.000357055664062500e+01,9.997311592102050781e+00,1.002189540863037109e+01,9.993880271911621094e+00,1.000022983551025391e+01,1.000094127655029297e+01,1.000209236145019531e+01,1.000638961791992188e+01
1.004208564758300781e+01,1.002830600738525391e+01,1.003365421295166016e+01,1.002746677398681641e+01,1.005176639556884766e+01,1.002401828765869141e+01,1.003030014038085938e+01,1.003098773956298828e+01,1.003212070465087891e+01,1.003640460968017578e+01
1.007207775115966797e+01,1.005841827392578125e+01,1.006373882293701172e+01,1.005753231048583984e+01,1.008164119720458984e+01,1.005414485931396484e+01,1.006037235260009766e+01,1.006104373931884766e+01,1.006215858459472656e+01,1.006642818450927734e+01
1.010207080841064453e+01,1.008854389190673828e+01,1.009381103515625000e+01,1.008767986297607422e+01,1.011151027679443359e+01,1.008430671691894531e+01,1.009044837951660156e+01,1.009107780456542969e+01,1.009218025207519531e+01,1.009642982482910156e+01
1.013204002380371094e+01,1.011864852905273438e+01,1.012387657165527344e+01,1.011776351928710938e+01,1.014138031005859375e+01,1.011444854736328125e+01,1.012054061889648438e+01,1.012112426757812500e+01,1.012222290039062500e+01,1.012644386291503906e+01
1.016203975677490234e+01,1.014877510070800781e+01,1.015396118164062500e+01,1.014789295196533203e+01,1.017124652862548828e+01,1.014458560943603516e+01,1.015058898925781250e+01,1.015117263793945312e+01,1.015223979949951172e+01,1.015645599365234375e+01
1.019202423095703125e+01,1.017888927459716797e+01,1.018403530120849609e+01,1.017801189422607422e+01,1.020110893249511719e+01,1.017472648620605469e+01,1.018066120147705078e+01,1.018122005462646484e+01,1.018226528167724609e+01,1.018647480010986328e+01
1.022201633453369141e+01,1.020900440216064453e+01,1.021410846710205078e+01,1.020806694030761719e+01,1.023095893859863281e+01,1.020487689971923828e+01,1.021073246002197266e+01,1.021126651763916016e+01,1.021227836608886719e+01,1.021650600433349609e+01
1.025196743011474609e+01,1.023910999298095703e+01,1.024416732788085938e+01,1.023823928833007812e+01,1.026084709167480469e+01,1.023499679565429688e+01,1.024080276489257812e+01,1.024131298065185547e+01,1.024233818054199219e+01,1.024649333953857422e+01
1.028193759918212891e+01,1.026922512054443359e+01,1.027423000335693359e+01,1.026831054687500000e+01,1.029071331024169922e+01,1.026512908935546875e+01,1.027087497711181641e+01,1.027136135101318359e+01,1.027236843109130859e+01,1.027650451660156250e+01
1.031190490722656250e+01,1.029932880401611328e+01,1.030429649353027344e+01,1.029836845397949219e+01,1.032057857513427734e+01,1.029526901245117188e+01,1.030094623565673828e+01,1.030141067504882812e+01,1.030240726470947266e+01,1.030651664733886719e+01
1.034186649322509766e+01,1.032943630218505859e+01,1.033435344696044922e+01,1.032851791381835938e+01,1.035044288635253906e+01,1.032540321350097656e+01,1.033101654052734375e+01,1.033145332336425781e+01,1.033244037628173828e+01,1.033652877807617188e+01
1.037183380126953125e+01,1.035954189300537109e+01,1.036441802978515625e+01,1.035859203338623047e+01,1.038030815124511719e+01,1.035553455352783203e+01,1.036108779907226562e+01,1.036150646209716797e+01,1.036247730255126953e+01,1.036653995513916016e+01
1.040179824829101562e+01,1.038964462280273438e+01,1.039447689056396484e+01,1.038872528076171875e+01,1.041017055511474609e+01,1.038566684722900391e+01,1.039115810394287109e+01,1.039155483245849609e+01,1.039251422882080078e+01,1.039655113220214844e+01
1.043176937103271484e+01,1.041974067687988281e+01,1.042454433441162109e+01,1.041880702972412109e+01,1.044002628326416016e+01,1.041579055786132812e+01,1.042122840881347656e+01,1.042160224914550781e+01,1.042255115509033203e+01,1.042656326293945312e+01
1.046171379089355469e+01,1.044985485076904297e+01,1.045458602905273438e+01,1.044892883300781250e+01,1.046990203857421875e+01,1.044592666625976562e+01,1.045129871368408203e+01,1.045165157318115234e+01,1.045258712768554688e+01,1.045657444000244141e+01
1.049167537689208984e+01,1.047995758056640625e+01,1.048464393615722656e+01,1.047900962829589844e+01,1.049977207183837891e+01,1.047604846954345703e+01,1.048136901855468750e+01,1.048170089721679688e+01,1.048262119293212891e+01,1.048658561706542969e+01
1.052162647247314453e+01,1.051005554199218750e+01,1.051468944549560547e+01,1.050910377502441406e+01,1.052962970733642578e+01,1.050618553161621094e+01,1.051143932342529297e+01,1.051175022125244141e+01,1.051266288757324219e+01,1.051659584045410156e+01
1.055158138275146484e+01,1.054015350341796875e+01,1.054473972320556641e+01,1.053925609588623047e+01,1.055949592590332031e+01,1.053631305694580078e+01,1.054150772094726562e+01,1.054179954528808594e+01,1.054269886016845703e+01,1.054660606384277344e+01
1.058153724670410156e+01,1.057024097442626953e+01,1.057479667663574219e+01,1.056929302215576172e+01,1.058936786651611328e+01,1.056644153594970703e+01,1.057157707214355469e+01,1.057184886932373047e+01,1.057273674011230469e+01,1.057661056518554688e+01
1.061149024963378906e+01,1.060035324096679688e+01,1.060483646392822266e+01,1.059939098358154297e+01,1.061922645568847656e+01,1.059656620025634766e+01,1.060164737701416016e+01,1.060189914703369141e+01,1.060278034210205078e+01,1.060663032531738281e+01
1.064143848419189453e+01,1.063044261932373047e+01,1.063488006591796875e+01,1.062951278686523438e+01,1.064909172058105469e+01,1.062669467926025391e+01,1.063171482086181641e+01,1.063194561004638672e+01,1.063282012939453125e+01,1.063664054870605469e+01
1.067139625549316406e+01,1.066054534912109375e+01,1.066492748260498047e+01,1.065958786010742188e+01,1.067895984649658203e+01,1.065681552886962891e+01,1.066178607940673828e+01,1.066199970245361328e+01,1.066286087036132812e+01,1.066665267944335938e+01
1.070134830474853516e+01,1.069063949584960938e+01,1.069496726989746094e+01,1.068970489501953125e+01,1.070883178710937500e+01,1.068693923950195312e+01,1.069185352325439453e+01,1.069205284118652344e+01,1.069290447235107422e+01,1.069666481018066406e+01
1.073130130767822266e+01,1.072072315216064453e+01,1.072498893737792969e+01,1.071977138519287109e+01,1.073872184753417969e+01,1.071706390380859375e+01,1.072192192077636719e+01,1.072211360931396484e+01,1.072295475006103516e+01,1.072667694091796875e+01
1.076125144958496094e+01,1.075082588195800781e+01,1.075505542755126953e+01,1.074990463256835938e+01,1.076856327056884766e+01,1.074718284606933594e+01,1.075199031829833984e+01,1.075215053558349609e+01,1.075298118591308594e+01,1.075668811798095703e+01
1.079120349884033203e+01,1.078092479705810547e+01,1.078509807586669922e+01,1.077996635437011719e+01,1.079843711853027344e+01,1.077729415893554688e+01,1.078207015991210938e+01,1.078220081329345703e+01,1.078301906585693359e+01,1.078669929504394531e+01
1.082115650177001953e+01,1.081101131439208984e+01,1.081513690948486328e+01,1.081007003784179688e+01,1.082830619812011719e+01,1.080742549896240234e+01,1.081212615966796875e+01,1.081225299835205078e+01,1.081306934356689453e+01,1.081671142578125000e+01
1.085110759735107422e+01,1.084109973907470703e+01,1.084517383575439453e+01,1.084021091461181641e+01,1.085817623138427734e+01,1.083753967285156250e+01,1.084219264984130859e+01,1.084230327606201172e+01,1.084311294555664062e+01,1.084672355651855469e+01
1.088106060028076172e+01,1.087117671966552734e+01,1.087520599365234375e+01,1.087022209167480469e+01,1.088804817199707031e+01,1.086763858795166016e+01,1.087226009368896484e+01,1.087235450744628906e+01,1.087316894531250000e+01,1.087673568725585938e+01
1.091101360321044922e+01,1.090128135681152344e+01,1.090525245666503906e+01,1.090034294128417969e+01,1.091792488098144531e+01,1.089778327941894531e+01,1.090232849121093750e+01,1.090240764617919922e+01,1.090319824218750000e+01,1.090674781799316406e+01
1.094096660614013672e+01,1.093137931823730469e+01,1.093528938293457031e+01,1.093043994903564453e+01,1.094780254364013672e+01,1.092790126800537109e+01,1.093239402770996094e+01,1.093245887756347656e+01,1.093324661254882812e+01,1.093675994873046875e+01
1.097092247009277344e+01,1.096145629882812500e+01,1.096532630920410156e+01,1.096052455902099609e+01,1.097767829895019531e+01,1.095801734924316406e+01,1.096246147155761719e+01,1.096251201629638672e+01,1.096328735351562500e+01,1.096677303314208984e+01
1.100087547302246094e+01,1.099154281616210938e+01,1.099536132812500000e+01,1.099063873291015625e+01,1.100755310058593750e+01,1.098812770843505859e+01,1.099253177642822266e+01,1.099256229400634766e+01,1.099333190917968750e+01,1.099678611755371094e+01
1.103083038330078125e+01,1.102162933349609375e+01,1.102539634704589844e+01,1.102069759368896484e+01,1.103743362426757812e+01,1.101824951171875000e+01,1.102259445190429688e+01,1.102261543273925781e+01,1.102337551116943359e+01,1.102679824829101562e+01
1.106078624725341797e+01,1.105171585083007812e+01,1.105543136596679688e+01,1.105082511901855469e+01,1.106731510162353516e+01,1.104836750030517578e+01,1.105266094207763672e+01,1.105267047882080078e+01,1.105342102050781250e+01,1.105681228637695312e+01
1.109074783325195312e+01,1.108180141448974609e+01,1.108546638488769531e+01,1.108087825775146484e+01,1.109720802307128906e+01,1.107849693298339844e+01,1.108272647857666016e+01,1.108273029327392578e+01,1.108346557617187500e+01,1.108682537078857422e+01
1.112069892883300781e+01,1.111188411712646484e+01,1.111550045013427734e+01,1.111099338531494141e+01,1.112707805633544922e+01,1.110859298706054688e+01,1.111279296875000000e+01,1.111277484893798828e+01,1.111351203918457031e+01,1.111683940887451172e+01
1.115065860748291016e+01,1.114196681976318359e+01,1.114553451538085938e+01,1.114109516143798828e+01,1.115695858001708984e+01,1.113870620727539062e+01,1.114285850524902344e+01,1.114282703399658203e+01,1.114355564117431641e+01,1.114685344696044922e+01
1.118061447143554688e+01,1.117203998565673828e+01,1.117556762695312500e+01,1.117112827301025391e+01,1.118682956695556641e+01,1.116882038116455078e+01,1.117292404174804688e+01,1.117288017272949219e+01,1.117359161376953125e+01,1.117686748504638672e+01
1.121057605743408203e+01,1.120213317871093750e+01,1.120559978485107422e+01,1.120125961303710938e+01,1.121673488616943359e+01,1.119892978668212891e+01,1.120298957824707031e+01,1.120293426513671875e+01,1.120365428924560547e+01,1.120688343048095703e+01
1.124054145812988281e+01,1.123221492767333984e+01,1.123563194274902344e+01,1.123131179809570312e+01,1.124662876129150391e+01,1.122904205322265625e+01,1.123305416107177734e+01,1.123298740386962891e+01,1.123370742797851562e+01,1.123689651489257812e+01
1.127049636840820312e+01,1.126229476928710938e+01,1.126566410064697266e+01,1.126142406463623047e+01,1.127651023864746094e+01,1.125915050506591797e+01,1.126311969757080078e+01,1.126304149627685547e+01,1.126374626159667969e+01,1.126691246032714844e+01
1.130047035217285156e+01,1.129236984252929688e+01,1.129569721221923828e+01,1.129150485992431641e+01,1.130640029907226562e+01,1.128926372528076172e+01,1.129319286346435547e+01,1.129309272766113281e+01,1.129379272460937500e+01,1.129692745208740234e+01
1.133042049407958984e+01,1.132245635986328125e+01,1.132572841644287109e+01,1.132157516479492188e+01,1.133629608154296875e+01,1.131937122344970703e+01,1.132324981689453125e+01,1.132314968109130859e+01,1.132384300231933594e+01,1.132694339752197266e+01
1.136038303375244141e+01,1.135253620147705078e+01,1.135576057434082031e+01,1.135170269012451172e+01,1.136618804931640625e+01,1.134947967529296875e+01,1.135331439971923828e+01,1.135320377349853516e+01,1.135388660430908203e+01,1.135696220397949219e+01
1.139034461975097656e+01,1.138262367248535156e+01,1.138579273223876953e+01,1.138174057006835938e+01,1.139607429504394531e+01,1.137958908081054688e+01,1.138337898254394531e+01,1.138325786590576172e+01,1.138391017913818359e+01,1.138698673248291016e+01
1.142031478881835938e+01,1.141269397735595703e+01,1.141582393646240234e+01,1.141186141967773438e+01,1.142598247528076172e+01,1.140969562530517578e+01,1.141344261169433594e+01,1.141331386566162109e+01,1.141398715972900391e+01,1.141699218750000000e+01
1.145028400421142578e+01,1.144277191162109375e+01,1.144585132598876953e+01,1.144194030761718750e+01,1.145587635040283203e+01,1.143980026245117188e+01,1.144350624084472656e+01,1.144336795806884766e+01,1.144403553009033203e+01,1.144700145721435547e+01
1.148024749755859375e+01,1.147284889221191406e+01,1.147588729858398438e+01,1.147197437286376953e+01,1.148578166961669922e+01,1.146990871429443359e+01,1.147357177734375000e+01,1.147342300415039062e+01,1.147408676147460938e+01,1.147702503204345703e+01
1.151021480560302734e+01,1.150292778015136719e+01,1.150591945648193359e+01,1.150214195251464844e+01,1.151568317413330078e+01,1.150001525878906250e+01,1.150363540649414062e+01,1.150347709655761719e+01,1.150413322448730469e+01,1.150704288482666016e+01
1.154019069671630859e+01,1.153301906585693359e+01,1.153595066070556641e+01,1.153215980529785156e+01,1.154558563232421875e+01,1.153012084960937500e+01,1.153369808197021484e+01,1.153353309631347656e+01,1.153418159484863281e+01,1.153706073760986328e+01
1.157015705108642578e+01,1.156307888031005859e+01,1.156598186492919922e+01,1.156225013732910156e+01,1.157549190521240234e+01,1.156022453308105469e+01,1.156376171112060547e+01,1.156359004974365234e+01,1.156423473358154297e+01,1.156708049774169922e+01
1.160014152526855469e+01,1.159315490722656250e+01,1.159601306915283203e+01,1.159233760833740234e+01,1.160539340972900391e+01,1.159032917022705078e+01,1.159382629394531250e+01,1.159365081787109375e+01,1.159426975250244141e+01,1.159709453582763672e+01
1.163010025024414062e+01,1.162322998046875000e+01,1.162604522705078125e+01,1.162241649627685547e+01,1.163530635833740234e+01,1.162043285369873047e+01,1.162388992309570312e+01,1.162370109558105469e+01,1.162433624267578125e+01,1.162711715698242188e+01
1.166007232666015625e+01,1.165330123901367188e+01,1.165607738494873047e+01,1.165251922607421875e+01,1.166521835327148438e+01,1.165053653717041016e+01,1.165395259857177734e+01,1.165375518798828125e+01,1.165438842773437500e+01,1.165713596343994141e+01
1.169004821777343750e+01,1.168338012695312500e+01,1.168610858917236328e+01,1.168257331848144531e+01,1.169512844085693359e+01,1.168063926696777344e+01,1.168401622772216797e+01,1.168381309509277344e+01,1.168443679809570312e+01,1.168715572357177734e+01
1.172002410888671875e+01,1.171345615386962891e+01,1.171614360809326172e+01,1.171268749237060547e+01,1.172503662109375000e+01,1.171073818206787109e+01,1.171407890319824219e+01,1.171386814117431641e+01,1.171448516845703125e+01,1.171717739105224609e+01
1.175000572204589844e+01,1.174353790283203125e+01,1.174618148803710938e+01,1.174272537231445312e+01,1.175494194030761719e+01,1.174083328247070312e+01,1.174414157867431641e+01,1.174392414093017578e+01,1.174453639984130859e+01,1.174720382690429688e+01
1.177997684478759766e+01,1.177360057830810547e+01,1.177620506286621094e+01,1.177284431457519531e+01,1.178486919403076172e+01,1.177094364166259766e+01,1.177420425415039062e+01,1.177398109436035156e+01,1.177458858489990234e+01,1.177721500396728516e+01
1.180995750427246094e+01,1.180366992950439453e+01,1.180623722076416016e+01,1.180294322967529297e+01,1.181478500366210938e+01,1.180104541778564453e+01,1.180426311492919922e+01,1.180404186248779297e+01,1.180463886260986328e+01,1.180723571777343750e+01
1.183994388580322266e+01,1.183373546600341797e+01,1.183626937866210938e+01,1.183294486999511719e+01,1.184470272064208984e+01,1.183114433288574219e+01,1.183431816101074219e+01,1.183410739898681641e+01,1.183469200134277344e+01,1.183725643157958984e+01
1.186991596221923828e+01,1.186382102966308594e+01,1.186630249023437500e+01,1.186307907104492188e+01,1.187462806701660156e+01,1.186124134063720703e+01,1.186439228057861328e+01,1.186415195465087891e+01,1.186474132537841797e+01,1.186728096008300781e+01
1.189990997314453125e+01,1.189389324188232422e+01,1.189633464813232422e+01,1.189314365386962891e+01,1.190454101562500000e+01,1.189133358001708984e+01,1.189445495605468750e+01,1.189420890808105469e+01,1.189477825164794922e+01,1.189731025695800781e+01
1.192987918853759766e+01,1.192396354675292969e+01,1.192636871337890625e+01,1.192323017120361328e+01,1.193447494506835938e+01,1.192144012451171875e+01,1.192451667785644531e+01,1.192426681518554688e+01,1.192484855651855469e+01,1.192732429504394531e+01
1.195985984802246094e+01,1.195403480529785156e+01,1.195640087127685547e+01,1.195331192016601562e+01,1.196439456939697266e+01,1.195154190063476562e+01,1.195457839965820312e+01,1.195432853698730469e+01,1.195489883422851562e+01,1.195733737945556641e+01
1.198984813690185547e+01,1.198410511016845703e+01,1.198643493652343750e+01,1.198337459564208984e+01,1.199432659149169922e+01,1.198163700103759766e+01,1.198464202880859375e+01,1.198438072204589844e+01,1.198495292663574219e+01,1.198736953735351562e+01
1.201983165740966797e+01,1.201417636871337891e+01,1.201647090911865234e+01,1.201349067687988281e+01,1.202425003051757812e+01,1.201173210144042969e+01,1.201470375061035156e+01,1.201443195343017578e+01,1.201500129699707031e+01,1.201739120483398438e+01
1.204980850219726562e+01,1.204424762725830078e+01,1.204651165008544922e+01,1.204352855682373047e+01,1.205416297912597656e+01,1.204182147979736328e+01,1.204476547241210938e+01,1.204446697235107422e+01,1.204503822326660156e+01,1.204740810394287109e+01
1.207980728149414062e+01,1.207431793212890625e+01,1.207653713226318359e+01,1.207363891601562500e+01,1.208411502838134766e+01,1.207192707061767578e+01,1.207482719421386719e+01,1.207455348968505859e+01,1.207511043548583984e+01,1.207744026184082031e+01
1.210979747772216797e+01,1.210438823699951172e+01,1.210656929016113281e+01,1.210371685028076172e+01,1.211404609680175781e+01,1.210202503204345703e+01,1.210488796234130859e+01,1.210461425781250000e+01,1.210516738891601562e+01,1.210746383666992188e+01
1.213979339599609375e+01,1.213445854187011719e+01,1.213659191131591797e+01,1.213367271423339844e+01,1.214397811889648438e+01,1.213213253021240234e+01,1.213495063781738281e+01,1.213468265533447266e+01,1.213522911071777344e+01,1.213748836517333984e+01
1.216977405548095703e+01,1.216452693939208984e+01,1.216663837432861328e+01,1.216385841369628906e+01,1.217391872406005859e+01,1.216221427917480469e+01,1.216501140594482422e+01,1.216472911834716797e+01,1.216526889801025391e+01,1.216751861572265625e+01
1.219977188110351562e+01,1.219459724426269531e+01,1.219667434692382812e+01,1.219390869140625000e+01,1.220385456085205078e+01,1.219230937957763672e+01,1.219507408142089844e+01,1.219479656219482422e+01,1.219532203674316406e+01,1.219755172729492188e+01
1.222976112365722656e+01,1.222466659545898438e+01,1.222670936584472656e+01,1.222400569915771484e+01,1.223379611968994141e+01,1.222240352630615234e+01,1.222513675689697266e+01,1.222484207153320312e+01,1.222537803649902344e+01,1.222756767272949219e+01
1.225977230072021484e+01,1.225473499298095703e+01,1.225674438476562500e+01,1.225407123565673828e+01,1.226373958587646484e+01,1.225251102447509766e+01,1.225519752502441406e+01,1.225489330291748047e+01,1.225543880462646484e+01,1.225760173797607422e+01
1.228974437713623047e+01,1.228480434417724609e+01,1.228678035736083984e+01,1.228415489196777344e+01,1.229367923736572266e+01,1.228258895874023438e+01,1.228525924682617188e+01,1.228496170043945312e+01,1.228548431396484375e+01,1.228762054443359375e+01
1.231973743438720703e+01,1.231487178802490234e+01,1.231681156158447266e+01,1.231423377990722656e+01,1.232361888885498047e+01,1.231267929077148438e+01,1.231532478332519531e+01,1.231502342224121094e+01,1.231553649902343750e+01,1.231763744354248047e+01
1.234973239898681641e+01,1.234494018554687500e+01,1.234683704376220703e+01,1.234425640106201172e+01,1.235354900360107422e+01,1.234277534484863281e+01,1.234540748596191406e+01,1.234509086608886719e+01,1.234559059143066406e+01,1.234763050079345703e+01
1.237973403930664062e+01,1.237500762939453125e+01,1.237688827514648438e+01,1.237441062927246094e+01,1.238351249694824219e+01,1.237286853790283203e+01,1.237543964385986328e+01,1.237513446807861328e+01,1.237564754486083984e+01,1.237770080566406250e+01
1.240974330902099609e+01,1.240507888793945312e+01,1.240692424774169922e+01,1.240445041656494141e+01,1.241345405578613281e+01,1.240297031402587891e+01,1.240549468994140625e+01,1.240519332885742188e+01,1.240569686889648438e+01,1.240772819519042969e+01
1.243972873687744141e+01,1.243514251708984375e+01,1.243696117401123047e+01,1.243448638916015625e+01,1.244340991973876953e+01,1.243305015563964844e+01,1.243556404113769531e+01,1.243525409698486328e+01,1.243575477600097656e+01,1.243775749206542969e+01
1.246972656250000000e+01,1.246520996093750000e+01,1.246699905395507812e+01,1.246461105346679688e+01,1.247335910797119141e+01,1.246313858032226562e+01,1.246562385559082031e+01,1.246531295776367188e+01,1.246581554412841797e+01,1.246778583526611328e+01
1.249972438812255859e+01,1.249527740478515625e+01,1.249703598022460938e+01,1.249462509155273438e+01,1.250330829620361328e+01,1.249321937561035156e+01,1.249568462371826172e+01,1.249537086486816406e+01,1.249588966369628906e+01,1.249781513214111328e+01
1.252972984313964844e+01,1.252534484863281250e+01,1.252707862854003906e+01,1.252475738525390625e+01,1.253326702117919922e+01,1.252332210540771484e+01,1.252574634552001953e+01,1.252543067932128906e+01,1.252591896057128906e+01,1.252784442901611328e+01
1.255974388122558594e+01,1.255541133880615234e+01,1.255713272094726562e+01,1.255480384826660156e+01,1.256323337554931641e+01,1.255341243743896484e+01,1.255580711364746094e+01,1.255548954010009766e+01,1.255598258972167969e+01,1.255787467956542969e+01
1.258973217010498047e+01,1.258547782897949219e+01,1.258715152740478516e+01,1.258490085601806641e+01,1.259317588806152344e+01,1.258350086212158203e+01,1.258586788177490234e+01,1.258554840087890625e+01,1.258602905273437500e+01,1.258790493011474609e+01
1.261972713470458984e+01,1.261554527282714844e+01,1.261719036102294922e+01,1.261498737335205078e+01,1.262313652038574219e+01,1.261359024047851562e+01,1.261592769622802734e+01,1.261560058593750000e+01,1.261608123779296875e+01,1.261793994903564453e+01
1.264970588684082031e+01,1.264561176300048828e+01,1.264722824096679688e+01,1.264503860473632812e+01,1.265310192108154297e+01,1.264368057250976562e+01,1.264598846435546875e+01,1.264563655853271484e+01,1.264613819122314453e+01,1.264797973632812500e+01
1.267974281311035156e+01,1.267567729949951172e+01,1.267726707458496094e+01,1.267514991760253906e+01,1.268305110931396484e+01,1.267376804351806641e+01,1.267605113983154297e+01,1.267572784423828125e+01,1.267619323730468750e+01,1.267799949645996094e+01
1.270974826812744141e+01,1.270574855804443359e+01,1.270730686187744141e+01,1.270516204833984375e+01,1.271300411224365234e+01,1.270385646820068359e+01,1.270611953735351562e+01,1.270578670501708984e+01,1.270624256134033203e+01,1.270803737640380859e+01
1.273975753784179688e+01,1.273580932617187500e+01,1.273734664916992188e+01,1.273523902893066406e+01,1.274297523498535156e+01,1.273394393920898438e+01,1.273617172241210938e+01,1.273584747314453125e+01,1.273630619049072266e+01,1.273806190490722656e+01
1.276976299285888672e+01,1.276588058471679688e+01,1.276739692687988281e+01,1.276533508300781250e+01,1.277294254302978516e+01,1.276403141021728516e+01,1.276623630523681641e+01,1.276591110229492188e+01,1.276635646820068359e+01,1.276809215545654297e+01
1.279977130889892578e+01,1.279593944549560547e+01,1.279742622375488281e+01,1.279537200927734375e+01,1.280290412902832031e+01,1.279411697387695312e+01,1.279629135131835938e+01,1.279596614837646484e+01,1.279641628265380859e+01,1.279812622070312500e+01
1.282977867126464844e+01,1.282600498199462891e+01,1.282746219635009766e+01,1.282548522949218750e+01,1.283287143707275391e+01,1.282420349121093750e+01,1.282634639739990234e+01,1.282602500915527344e+01,1.282646751403808594e+01,1.282815456390380859e+01
1.285977745056152344e+01,1.285607051849365234e+01,1.285748386383056641e+01,1.285552024841308594e+01,1.286284637451171875e+01,1.285430049896240234e+01,1.285638809204101562e+01,1.285608482360839844e+01,1.285650253295898438e+01,1.285816860198974609e+01
1.288980007171630859e+01,1.288613605499267578e+01,1.288755035400390625e+01,1.288563156127929688e+01,1.289280605316162109e+01,1.288437747955322266e+01,1.288647365570068359e+01,1.288614368438720703e+01,1.288658237457275391e+01,1.288822650909423828e+01
1.291980934143066406e+01,1.291620063781738281e+01,1.291760349273681641e+01,1.291567897796630859e+01,1.292276954650878906e+01,1.291447353363037109e+01,1.291654014587402344e+01,1.291619777679443359e+01,1.291663837432861328e+01,1.291825866699218750e+01
1.294982242584228516e+01,1.294626522064208984e+01,1.294763088226318359e+01,1.294574165344238281e+01,1.295274639129638672e+01,1.294454669952392578e+01,1.294659328460693359e+01,1.294626617431640625e+01,1.294669532775878906e+01,1.294829368591308594e+01
1.297983360290527344e+01,1.297633075714111328e+01,1.297767639160156250e+01,1.297586154937744141e+01,1.298271656036376953e+01,1.297462940216064453e+01,1.297665596008300781e+01,1.297632503509521484e+01,1.297675132751464844e+01,1.297833156585693359e+01
1.300983619689941406e+01,1.300639629364013672e+01,1.300772476196289062e+01,1.300583934783935547e+01,1.301268863677978516e+01,1.300470638275146484e+01,1.300672435760498047e+01,1.300638580322265625e+01,1.300682544708251953e+01,1.300837326049804688e+01
1.303986263275146484e+01,1.303646183013916016e+01,1.303775691986083984e+01,1.303597068786621094e+01,1.304266834259033203e+01,1.303479957580566406e+01,1.303677463531494141e+01,1.303644657135009766e+01,1.303686428070068359e+01,1.303839778900146484e+01
1.306988906860351562e+01,1.306653308868408203e+01,1.306779861450195312e+01,1.306602764129638672e+01,1.307265949249267578e+01,1.306487846374511719e+01,1.306684780120849609e+01,1.306650543212890625e+01,1.306691360473632812e+01,1.306843280792236328e+01
1.309989070892333984e+01,1.309659004211425781e+01,1.309784126281738281e+01,1.309609413146972656e+01,1.310262012481689453e+01,1.309496879577636719e+01,1.309689426422119141e+01,1.309656715393066406e+01,1.309697723388671875e+01,1.309846973419189453e+01
1.312990283966064453e+01,1.312665367126464844e+01,1.312787818908691406e+01,1.312618827819824219e+01,1.313260173797607422e+01,1.312505340576171875e+01,1.312694549560546875e+01,1.312663269042968750e+01,1.312703132629394531e+01,1.312851142883300781e+01
1.315992259979248047e+01,1.315671825408935547e+01,1.315792751312255859e+01,1.315622425079345703e+01,1.316257667541503906e+01,1.315513515472412109e+01,1.315701389312744141e+01,1.315668773651123047e+01,1.315709018707275391e+01,1.315854263305664062e+01
1.318993854522705078e+01,1.318678474426269531e+01,1.318797111511230469e+01,1.318634033203125000e+01,1.319255924224853516e+01,1.318521881103515625e+01,1.318707656860351562e+01,1.318674755096435547e+01,1.318714427947998047e+01,1.318857860565185547e+01
1.321996116638183594e+01,1.321685504913330078e+01,1.321801471710205078e+01,1.321635150909423828e+01,1.322254467010498047e+01,1.321530246734619141e+01,1.321714305877685547e+01,1.321680831909179688e+01,1.321720218658447266e+01,1.321861553192138672e+01
1.324997329711914062e+01,1.324690914154052734e+01,1.324805927276611328e+01,1.324646186828613281e+01,1.325252056121826172e+01,1.324538516998291016e+01,1.324719333648681641e+01,1.324686908721923828e+01,1.324725914001464844e+01,1.324865245819091797e+01
1.327999401092529297e+01,1.327696800231933594e+01,1.327810192108154297e+01,1.327655792236328125e+01,1.328250503540039062e+01,1.327547168731689453e+01,1.327725601196289062e+01,1.327693176269531250e+01,1.327730846405029297e+01,1.327868938446044922e+01
1.331002235412597656e+01,1.330702304840087891e+01,1.330814647674560547e+01,1.330656337738037109e+01,1.331249618530273438e+01,1.330557250976562500e+01,1.330732440948486328e+01,1.330700206756591797e+01,1.330734539031982422e+01,1.330872726440429688e+01
1.334003257751464844e+01,1.333710002899169922e+01,1.333819103240966797e+01,1.333667278289794922e+01,1.334247112274169922e+01,1.333562850952148438e+01,1.333737373352050781e+01,1.333704948425292969e+01,1.333743095397949219e+01,1.333876514434814453e+01
1.337005996704101562e+01,1.336716365814208984e+01,1.336823558807373047e+01,1.336670207977294922e+01,1.337246227264404297e+01,1.336571025848388672e+01,1.336744117736816406e+01,1.336711025238037109e+01,1.336749458312988281e+01,1.336880397796630859e+01
1.340007305145263672e+01,1.339722728729248047e+01,1.339828109741210938e+01,1.339679908752441406e+01,1.340244579315185547e+01,1.339579010009765625e+01,1.339749050140380859e+01,1.339717197418212891e+01,1.339754199981689453e+01,1.339884376525878906e+01
1.343008995056152344e+01,1.342728519439697266e+01,1.342832660675048828e+01,1.342687702178955078e+01,1.343243503570556641e+01,1.342587089538574219e+01,1.342754173278808594e+01,1.342723178863525391e+01,1.342759895324707031e+01,1.342888832092285156e+01
1.346011638641357422e+01,1.345735359191894531e+01,1.345837211608886719e+01,1.345692157745361328e+01,1.346242427825927734e+01,1.345595264434814453e+01,1.345761108398437500e+01,1.345729351043701172e+01,1.345765876770019531e+01,1.345892143249511719e+01
1.349013614654541016e+01,1.348741436004638672e+01,1.348841953277587891e+01,1.348703002929687500e+01,1.349241352081298828e+01,1.348603630065917969e+01,1.348766994476318359e+01,1.348735332489013672e+01,1.348771286010742188e+01,1.348896121978759766e+01
1.352015209197998047e+01,1.351746940612792969e+01,1.351847457885742188e+01,1.351702594757080078e+01,1.352240276336669922e+01,1.351613140106201172e+01,1.351772975921630859e+01,1.351741409301757812e+01,1.351777076721191406e+01,1.351900005340576172e+01
1.355018615722656250e+01,1.354754257202148438e+01,1.354851150512695312e+01,1.354715919494628906e+01,1.355239772796630859e+01,1.354619026184082031e+01,1.354778957366943359e+01,1.354747486114501953e+01,1.354782962799072266e+01,1.354904079437255859e+01
1.358020687103271484e+01,1.357760047912597656e+01,1.357855415344238281e+01,1.357722663879394531e+01,1.358239650726318359e+01,1.357627105712890625e+01,1.357784938812255859e+01,1.357752895355224609e+01,1.357788944244384766e+01,1.357907390594482422e+01
1.361023521423339844e+01,1.360766983032226562e+01,1.360860252380371094e+01,1.360721969604492188e+01,1.361238574981689453e+01,1.360635089874267578e+01,1.360791015625000000e+01,1.360759830474853516e+01,1.360794639587402344e+01,1.360912132263183594e+01
1.364026165008544922e+01,1.363773250579833984e+01,1.363865280151367188e+01,1.363736152648925781e+01,1.364237689971923828e+01,1.363642978668212891e+01,1.363796901702880859e+01,1.363765716552734375e+01,1.363800334930419922e+01,1.363916587829589844e+01
1.367029476165771484e+01,1.366779518127441406e+01,1.366871738433837891e+01,1.366737651824951172e+01,1.367236042022705078e+01,1.366650867462158203e+01,1.366802787780761719e+01,1.366771793365478516e+01,1.366805934906005859e+01,1.366921615600585938e+01
1.370030975341796875e+01,1.369785785675048828e+01,1.369874477386474609e+01,1.369748878479003906e+01,1.370237255096435547e+01,1.369658660888671875e+01,1.369808673858642578e+01,1.369778060913085938e+01,1.369811725616455078e+01,1.369924640655517578e+01
1.373032379150390625e+01,1.372792053222656250e+01,1.372879123687744141e+01,1.372754096984863281e+01,1.373236846923828125e+01,1.372666549682617188e+01,1.372813415527343750e+01,1.372784137725830078e+01,1.372817325592041016e+01,1.372928714752197266e+01
1.376036548614501953e+01,1.375798130035400391e+01,1.375883769989013672e+01,1.375761127471923828e+01,1.376236724853515625e+01,1.375674152374267578e+01,1.375820732116699219e+01,1.375790119171142578e+01,1.375823116302490234e+01,1.375932788848876953e+01
1.379039573669433594e+01,1.378804397583007812e+01,1.378888988494873047e+01,1.378769493103027344e+01,1.379236602783203125e+01,1.378682422637939453e+01,1.378826522827148438e+01,1.378795719146728516e+01,1.378828716278076172e+01,1.378936958312988281e+01
1.382043266296386719e+01,1.381810760498046875e+01,1.381894779205322266e+01,1.381770324707031250e+01,1.382237720489501953e+01,1.381691169738769531e+01,1.381832504272460938e+01,1.381800937652587891e+01,1.381833267211914062e+01,1.381941223144531250e+01
1.385045051574707031e+01,1.384817028045654297e+01,1.384898090362548828e+01,1.384785175323486328e+01,1.385236644744873047e+01,1.384697437286376953e+01,1.384838485717773438e+01,1.384808349609375000e+01,1.384840488433837891e+01,1.384945487976074219e+01
1.388048362731933594e+01,1.387823200225830078e+01,1.387901878356933594e+01,1.387786293029785156e+01,1.388237094879150391e+01,1.387705230712890625e+01,1.387844467163085938e+01,1.387814521789550781e+01,1.387847232818603516e+01,1.387949752807617188e+01
1.391050910949707031e+01,1.390829467773437500e+01,1.390907955169677734e+01,1.390791034698486328e+01,1.391237258911132812e+01,1.390712833404541016e+01,1.390850543975830078e+01,1.390820693969726562e+01,1.390851974487304688e+01,1.390954113006591797e+01
1.394053649902343750e+01,1.393835163116455078e+01,1.393913269042968750e+01,1.393802356719970703e+01,1.394237422943115234e+01,1.393720054626464844e+01,1.393856811523437500e+01,1.393826675415039062e+01,1.393857669830322266e+01,1.393958473205566406e+01
1.397054958343505859e+01,1.396840381622314453e+01,1.396919155120849609e+01,1.396804428100585938e+01,1.397239112854003906e+01,1.396726703643798828e+01,1.396863651275634766e+01,1.396832752227783203e+01,1.396861934661865234e+01,1.396962833404541016e+01
1.400059700012207031e+01,1.399848175048828125e+01,1.399922561645507812e+01,1.399816226959228516e+01,1.400238323211669922e+01,1.399735736846923828e+01,1.399868106842041016e+01,1.399839019775390625e+01,1.399869155883789062e+01,1.399967193603515625e+01
1.403061962127685547e+01,1.402854347229003906e+01,1.402927494049072266e+01,1.402818584442138672e+01,1.403239631652832031e+01,1.402743434906005859e+01,1.402874183654785156e+01,1.402845191955566406e+01,1.402875137329101562e+01,1.402971553802490234e+01
1.406066131591796875e+01,1.405860519409179688e+01,1.405932617187500000e+01,1.405829048156738281e+01,1.406239795684814453e+01,1.405750846862792969e+01,1.405880260467529297e+01,1.405851268768310547e+01,1.405880928039550781e+01,1.405976009368896484e+01
1.409068012237548828e+01,1.408866882324218750e+01,1.408938121795654297e+01,1.408834457397460938e+01,1.409241104125976562e+01,1.408757877349853516e+01,1.408886051177978516e+01,1.408857345581054688e+01,1.408886528015136719e+01,1.408980464935302734e+01
1.412072753906250000e+01,1.411872863769531250e+01,1.411942386627197266e+01,1.411838340759277344e+01,1.412241268157958984e+01,1.411766052246093750e+01,1.411892127990722656e+01,1.411863517761230469e+01,1.411892795562744141e+01,1.411984920501708984e+01
1.415076065063476562e+01,1.414879131317138672e+01,1.414947414398193359e+01,1.414851570129394531e+01,1.415242576599121094e+01,1.414773654937744141e+01,1.414898204803466797e+01,1.414869689941406250e+01,1.414898586273193359e+01,1.414989471435546875e+01
1.418080043792724609e+01,1.417885303497314453e+01,1.417952442169189453e+01,1.417849922180175781e+01,1.418245601654052734e+01,1.417781162261962891e+01,1.417904949188232422e+01,1.417875766754150391e+01,1.417904472351074219e+01,1.417993927001953125e+01
1.421082687377929688e+01,1.420891380310058594e+01,1.420957469940185547e+01,1.420860195159912109e+01,1.421244144439697266e+01,1.420788574218750000e+01,1.420909881591796875e+01,1.420881938934326172e+01,1.420910167694091797e+01,1.420998477935791016e+01
1.424086093902587891e+01,1.423896884918212891e+01,1.423962402343750000e+01,1.423865604400634766e+01,1.424246406555175781e+01,1.423795986175537109e+01,1.423915672302246094e+01,1.423888492584228516e+01,1.423915386199951172e+01,1.424002933502197266e+01
1.427089405059814453e+01,1.426903724670410156e+01,1.426967430114746094e+01,1.426871490478515625e+01,1.427246189117431641e+01,1.426803398132324219e+01,1.426921749114990234e+01,1.426893997192382812e+01,1.426921653747558594e+01,1.427007579803466797e+01
1.430092811584472656e+01,1.429909896850585938e+01,1.429972076416015625e+01,1.429881954193115234e+01,1.430247688293457031e+01,1.429810714721679688e+01,1.429928016662597656e+01,1.429899787902832031e+01,1.429928112030029297e+01,1.430012416839599609e+01
1.433096122741699219e+01,1.432916069030761719e+01,1.432975101470947266e+01,1.432882881164550781e+01,1.433249759674072266e+01,1.432818317413330078e+01,1.432936000823974609e+01,1.432904911041259766e+01,1.432935810089111328e+01,1.433018016815185547e+01
1.436099720001220703e+01,1.435922241210937500e+01,1.435982704162597656e+01,1.435895538330078125e+01,1.436250114440917969e+01,1.435825634002685547e+01,1.435939311981201172e+01,1.435912322998046875e+01,1.435939216613769531e+01,1.436021327972412109e+01
1.439101982116699219e+01,1.438928413391113281e+01,1.438987827301025391e+01,1.438898277282714844e+01,1.439252471923828125e+01,1.438833045959472656e+01,1.438944149017333984e+01,1.438918304443359375e+01,1.438945198059082031e+01,1.439025783538818359e+01
1.442107200622558594e+01,1.441934585571289062e+01,1.441992950439453125e+01,1.441905212402343750e+01,1.442253017425537109e+01,1.441840362548828125e+01,1.441951465606689453e+01,1.441924762725830078e+01,1.441950893402099609e+01,1.442030715942382812e+01
1.445110607147216797e+01,1.444940757751464844e+01,1.444998073577880859e+01,1.444916534423828125e+01,1.445255184173583984e+01,1.444847869873046875e+01,1.444957256317138672e+01,1.444930744171142578e+01,1.444956588745117188e+01,1.445034885406494141e+01

